"MouseID","Batch","Sex","Tester","Age.at.Test","Weight","Alopecia","Loss.of.fur.colour","Dermatitis","Loss.of.whiskers","Coat.condition","Piloerection","Cataracts","Eye.discharge.swelling","Microphthalmia","Corneal.opacity","Nasal.discharge","Rectal.prolapse","Vaginal.uterine.","Diarrhea","Vestibular.disturbance","Vision.loss..Visual.Placing.","Menace.reflex","Tail.stiffening","Gait.disorders","Tremor","Tumours","Distended.abdomen","Kyphosis","Body.condition","Breathing.rate.depth","Malocclusions","Righting.Reflex","OverallScore"
"AgedB6-0396","Batch1","Male","Scorer2",43,47.72,0.5,0,0,0,0.5,1,0,0,0,0,0,0,0,0,0.5,1,1,0,0,0,0,1,1,0,0,0,0,6.5
"AgedB6-0394","Batch1","Male","Scorer2",43,41.12,0,0.5,0,0,0.5,1,0,0,0,0,0,0,0,0,0.5,1,1,0,0,0.5,0,0.5,1,0,0,0,0,6.5
"AgedB6-0686","Batch1","Male","Scorer2",92,40.59,0,0.5,0,0,0.5,1,0,0,0,0,0,0,0,0,0.5,1,1,0.5,0,0.5,0,1,0.5,0,0,0,0,7
"AgedB6-0404","Batch1","Female","Scorer2",44,29.74,0,0,0,1,0,0.5,0,0,0,0,0,0,0,0,0.5,1,1,0,0,0,0,0,0,0,0,0,0,4
"AgedB6-0687","Batch1","Male","Scorer2",92,38.28,0.5,1,0,0,1,1,0,0,0,0,0,0,0,0,1,1,1,0,0,0.5,0,0,0.5,0,0,0,0,7.5
"AgedB6-0301","Batch1","Male","Scorer1",105,33.49,1,1,0,1,0.5,0,0,0,0,0,0,0,0,0,0,0,1,0,0,0,0,0,1,0.5,0,0.5,0,6.5
"AgedB6-0306","Batch1","Female","Scorer1",75,41.65,0.5,0,0,0,0,0,0,0,0,0,0,0,0,0,0,0,1,0,0,0,0.5,0.5,0,0.5,0,0,0,3
"AgedB6-0302","Batch1","Male","Scorer1",105,30.92,0,0.5,0,0,0.5,0,0,0,0,0,0,0,0,0,0,0,1,0,0.5,0,0,0,0.5,0.5,0,0,0,3.5
"AgedB6-0307","Batch1","Female","Scorer1",75,49.85,0.5,0,0,1,0,0,0,0,0,0,0,0,0,0,0,0,1,0,0,0,0,0.5,0,0.5,0,0,0,3.5
"AgedB6-0288","Batch1","Female","Scorer3",87,33.51,0,0,0,0,1,1,0,0,0,0,0,0,0,0,0,0,1,0,0,0,0,0,0,0.5,0,0,0,3.5
"AgedB6-0308","Batch1","Female","Scorer1",75,50.74,0.5,0,0,0,0,0,0,0,0,0,0,0,0,0,0,0,1,0,0,0,0,1,0,1,0,0,0,3.5
"AgedB6-0318","Batch1","Male","Scorer1",75,43.05,0,0.5,0,0,0,0,0,0,0,0,0,0,0,0,0,0,1,0,0,0,0,0,0,0,0,0,0,1.5
"AgedB6-0541","Batch1","Female","Scorer3",42,24.97,0,0,0,0.5,0,0,0,0,0,0,0,0,0,0,0,0,1,0,0.5,0,0,0,0,0,0,0,0,2
"AgedB6-0420","Batch1","Male","Scorer3",55,49,0.5,1,0,1,0.5,1,0,0,0,0,0,0,0,0,0,0,1,0,0.5,0,0,0,0.5,0.5,0,0,0,6.5
"AgedB6-0426","Batch1","Male","Scorer3",55,41.47,0,0.5,0,0,0.5,1,0,0,0,0,0,0,0,0,0,0,1,0,0.5,0,0,0,0.5,0,0,0,0,4
"AgedB6-0521","Batch1","Female","Scorer3",42,29.08,0,0,0,0,0,0,0,0,0,0,0,0,0,0,0,0,1,0,0,0,0,0,0,0,0,0,0,1
"AgedB6-0528","Batch1","Female","Scorer3",42,45.94,0,0,0,0.5,0,0,0,0,0,0,0,0,0,0,0,0,1,0,0,0,0,0,0,0.5,0,0,0,2
"AgedB6-0737","Batch1","Female","Scorer4",29,26.89,0,0.5,0,0.5,0,0.5,0,0,0,0,0,0,0,0,0,0,1,0,0,0,0,0,0,0,0,0,0,2.5
"AgedB6-0744","Batch1","Male","Scorer4",29,40.43,0,0.5,0,0.5,0.5,0.5,0,0,0,0,0,0,0,0,0,0,1,0,0.5,0,0,0,0.5,0,0,0,0,4
"AgedB6-0738","Batch1","Female","Scorer4",29,27.55,0,0.5,0,0.5,0,0,0,0,0,0,0,0,0,0,0,0,1,0,0,0,0,0,0,0,0,0,0,2
"AgedB6-0747","Batch1","Male","Scorer4",28,36.3,0,0.5,0,0.5,0.5,0.5,0,0,0,0,0,0,0,0,0,0,1,0,0.5,0,0,0,0.5,0.5,0,0,0,4.5
"AgedB6-0745","Batch1","Female","Scorer4",28,25.22,0,0.5,0,0.5,0,0,0,0,0,0,0,0,0,0,0,0,1,0,0,0,0,0,0,0,0,0,0,2
"AgedB6-0746","Batch1","Female","Scorer4",28,27.53,0,0.5,0,0.5,0,0,0,0,0,0,0,0,0,0,0,0,1,0,0,0,0,0,0,0,0,0,0,2
"AgedB6-0852","Batch1","Male","Scorer4",25,37.17,0,0.5,0,0.5,0,0,0,0,0,0,0,0,0,0,0,0,1,0,0,0,0,0,0,0,0,0,0,2
"AgedB6-0853","Batch1","Male","Scorer4",25,32.86,0,0.5,0,0.5,0,0.5,0,0,0,0,0,0,0,0,0,0,1,0,0,0,0,0,0.5,0,0,0,0,3
"AgedB6-0875","Batch1","Male","Scorer4",104,36.58,0,1,0,1,1,1,0,0,0,0,0,0,0,0,0,0,1,0,1,0,0,0,1,1,1,0,0,9
"AgedB6-0854","Batch1","Male","Scorer4",25,31.96,0,0.5,0,0.5,0,0,0,0,0,0,0,0,0,0,0,0,1,0,0,0,0,0,0,0,0,0,0,2
"AgedB6-0876","Batch1","Male","Scorer4",104,38.98,1,1,0,1,1,1,0,0,0,0,0,0,0,0,0.5,0,1,0,0.5,0,0,0.5,0.5,0.5,0,0.5,0,9
"AgedB6-0855","Batch1","Male","Scorer4",25,31.99,0,0.5,0,0.5,0,0.5,0.5,0.5,0.5,0.5,0,0,0,0,0,0.5,1,0,0,0,0,0,0,0,0,0,0,5
"AgedB6-0877","Batch1","Male","Scorer4",104,36.03,0,1,0,1,1,1,0,0,0,0,0,0,0,0,0,0,1,0,0,0,0,0,0.5,0.5,0,0,0,6
"AgedB6-0890","Batch1","Male","Scorer3",106,44.37,0,0.5,0,1,0.5,1,0,0,0,0,0,0,0,0,0,0,1,0,0.5,0,0,0,0.5,0,0,0,0,5
"AgedB6-0891","Batch1","Male","Scorer3",106,47.9,0,0.5,0,1,0.5,1,0,0,0,0,0,0,0,0,0,0,1,0,0.5,0,0,0,0.5,0,0,0,0,5
"AgedB6-0892","Batch1","Male","Scorer3",106,39.38,0,0.5,0,1,1,1,0,0,0,0,0,0,0,0,0,0,1,0,0.5,0,0,0,0.5,0,0,0,0,5.5
"AgedB6-0893","Batch1","Male","Scorer3",106,38.99,0,0.5,0,1,0.5,1,0,0,0,0,0,0,0,0,0,0,1,0,0.5,0,0,0,0.5,0,0,0,0,5
"AgedB6-0310","Batch1","Female","Scorer3",80,39.54,0,0,0,0.5,0.5,0.5,0,0,0,1,0,0,0,0,0,0,1,0,0,0,0,0,0,0,0,0,0,3.5
"AgedB6-0312","Batch1","Male","Scorer3",80,58.66,0,0.5,0,0.5,1,1,0,0,0,0,0,0,0,0,0,0,1,0,0,0,0,0.5,0,0,0,0,0.5,5
"AgedB6-0391","Batch1","Male","Scorer3",63,47.31,0,0.5,0,0,1,1,0,0,0,0,0,0,0,0,0,0,1,0,0.5,0,0,0.5,0.5,0,0,0,0,5
"AgedB6-0407","Batch1","Female","Scorer3",64,33.07,0,0,0.5,0.5,0.5,1,0,0,0,0,0,0,0,0,0,0,1,0,0.5,0,0,0,0.5,0,0,0,0,4.5
"AgedB6-0882","Batch1","Male","Scorer3",106,46.09,0,0.5,0,0,0.5,1,0,0,0,0,0,0,0,0,0,0,1,0,0.5,0,0,0.5,0.5,0,0,0,0,4.5
"AgedB6-0883","Batch1","Male","Scorer3",106,50.73,0,0.5,0,0,1,1,0,0,0,0,0,0,0,0,0,0,0,0,0.5,0,0,0.5,0.5,0,0,0,0,4
"AgedB6-0884","Batch1","Male","Scorer3",106,36.71,0,0.5,0,0,0.5,1,0,0,0,0,0,0,0,0,0,0,1,0,0.5,0,0,0,0.5,0,0,0,0,4
"AgedB6-0885","Batch1","Male","Scorer3",106,43.66,0,0.5,0,0.5,0.5,1,0,0,0,0,0,0,0,0,0,0,1,0,0.5,0,0,0,0.5,0,0,0,0,4.5
"AgedB6-0403","Batch1","Female","Scorer2",43,27.1,0.5,0,0,1,0,1,0,0,0,0,0,0,0,0,1,1,1,0,0,0.5,0,0,0.5,0,0,0,0,6.5
"AgedB6-0689","Batch1","Male","Scorer2",92,30.95,0.5,0.5,0,0,1,1,0,0,0,0,0,0,0,0,0.5,1,1,0,0,1,0,0,0.5,0,0,0,0,7
"AgedB6-0386","Batch1","Male","Scorer2",50,41.62,0.5,1,0,0,1,1,0,0,0,0,0,0,0,0,0,0.5,0.5,0,0,0.5,0,1,1,0,0,0,0,7
"AgedB6-0690","Batch1","Male","Scorer2",92,39.4,0.5,0.5,0,0,1,1,0,0,0,0,0,0,0,0,0.5,1,1,0,0,0.5,0,1,1,0,0,0,0,8
"AgedB6-0373","Batch1","Female","Scorer2",51,37.06,0.5,0,0,0,0.5,1,0,0,0,0,0,0,0,0,0.5,1,1,0,0,0.5,0,0.5,0.5,0,0,0,0,6
"AgedB6-0691","Batch1","Male","Scorer2",92,38.74,0.5,0.5,0,0,0.5,1,0,0,0,0,0,0,0,0,1,1,1,0,0,0.5,0,0.5,1,0,0,0,0.5,8
"AgedB6-0374","Batch1","Female","Scorer2",51,35.3,0.5,0,0,1,0.5,1,0,0,0,0,0,0,0,0,0,0,1,0,0,0.5,0,0,0.5,0,0,0,0,5
"AgedB6-0692","Batch1","Male","Scorer2",92,48.63,0.5,0,0,0,1,1,0,0,0,0,0,0,0,0,0.5,1,1,0,0,0.5,0,1,1,0,0,0,0,7.5
"AgedB6-0324","Batch1","Male","Scorer1",75,58.38,0,0.5,0,0,0,0,0,0,0,0,0,0,0,0,0,0,1,0,0,0,0,1,0,1,0,0,0,3.5
"AgedB6-0542","Batch1","Female","Scorer3",42,29.34,0,0,0,0.5,0,0.5,0,0,0,0,0,0,0,0,0,0,1,0,0,0,0,0,0,0,0,0,0,2
"AgedB6-0325","Batch1","Male","Scorer1",75,48.95,0,0.5,0,1,0,0,0,0,0,0,0,0,0,0,0,0,1,0,0,0,0,1,0,1,0,0,0,4.5
"AgedB6-0543","Batch1","Female","Scorer3",42,24.71,0,0,0,0.5,0,0,0,0,0,0,0,0,0,0,0,1,1,0,0,0,0,0,0,0,0,0,0,2.5
"AgedB6-0546","Batch1","Female","Scorer3",43,27.62,0,0,0,0.5,0,0.5,0,0,0,0,0,0,0,0,0,0,1,0,0,0,0,0,0,0,0,0,0,2
"AgedB6-0547","Batch1","Female","Scorer3",43,35.64,0,0,0,0.5,0.5,0.5,0,0,0,0,0,0,0,0,0,1,1,0,0,0,0,0,0,0,0,0,0,3.5
"AgedB6-0666","Batch1","Female","Scorer3",37,29.97,0.5,0,0,0.5,0.5,0.5,0,0,0,0,0,0,0,0,0,0,1,0,0,0,0,0,0,0,0,0,0,3
"AgedB6-0532","Batch1","Female","Scorer3",42,34.34,0,0,0,0.5,0,0,0,0,0,1,0,0,0,0,0.5,0,1,0,0.5,0,0,0,0.5,0,0,0,0,4
"AgedB6-0534","Batch1","Female","Scorer3",42,25.86,0,0,0,0.5,0,0.5,0,0,0,0,0,0,0,0,0,0,1,0,0,0,0,0,0.5,0,0,0,0,2.5
"AgedB6-0533","Batch1","Female","Scorer3",42,31.97,0,0,0,0,0,0.5,0,0,0,0,0,0,0,0,0,0,1,0,0,0,0,0,0,0,0,0,0,1.5
"AgedB6-0750","Batch1","Female","Scorer4",28,25.83,0,0.5,0,0.5,0,0,0,0,0,0,0,0,0,0,0,0,1,0,0,0,0,0,0,0,0,0,0,2
"AgedB6-0675","Batch1","Male","Scorer4",39,43.37,0,0.5,0,0.5,0.5,0.5,0,0,0,0,0,0,0,0,0,0,1,0,0.5,0,0.5,0.5,0.5,0,0,0,0,5
"AgedB6-0751","Batch1","Female","Scorer4",28,29.09,0,0.5,0,0.5,0,0,0,0,0,0,0,0,0,0,0,0,1,0,0,0,0,0,0,0,0,0,0,2
"AgedB6-0676","Batch1","Male","Scorer4",39,40.41,0,0.5,0,0.5,0.5,0.5,0,0,0,0,0,0,0,0,0,0,1,0,0.5,0.5,0.5,0.5,0,0,0,0,0,5
"AgedB6-0752","Batch1","Female","Scorer4",28,29.31,0,0.5,0,0.5,0,0,0,0,0,0,0,0,0,0,0,0,1,0,0,0,0,0,0,0,0,0,0,2
"AgedB6-0677","Batch1","Male","Scorer4",39,36.29,0,0.5,0,0.5,0.5,0.5,0,0,0,0,0,0,0,0,0,0,1,0,0.5,0,0,0,0,0,0,0,0,3.5
"AgedB6-0856","Batch1","Male","Scorer4",25,39.01,0,0.5,0,0.5,0,0.5,0,0,0,0,0,0,0,0,0,0,1,0,0.5,0,0,0.5,0.5,0,0,0,0,4
"AgedB6-0878","Batch1","Male","Scorer4",104,46.21,1,1,0,1,1,1,0,0,0,0,0,0,0,0,0,0,1,0,1,0,0,1,1,1,0,0,0,10
"AgedB6-0857","Batch1","Male","Scorer4",104,43.86,0,0.5,0,0.5,0.5,0.5,0,0,0,0,0,0,0,0,0,0,1,0,0.5,0,0,1,0.5,0.5,0.5,0,0,6
"AgedB6-0879","Batch1","Male","Scorer4",104,37.61,1,1,0,1,1,1,0,0,0,0,0,0,0,0,0,0,1,1,1,0,0,1,1,1,1,0,0,12
"AgedB6-0858","Batch1","Male","Scorer4",104,35.31,0,0.5,0,0.5,0.5,0.5,0,0,0,0,0,0,0,0,0,0,1,0,0.5,0.5,0,0.5,0.5,0.5,0.5,0,0,6
"AgedB6-0867","Batch1","Male","Scorer4",104,47.17,0,1,0,1,1,1,0,0,0,0,0,0,0,0,0,0,1,0,1,0,1,1,1,1,0,0,0,10
"AgedB6-0896","Batch1","Male","Scorer3",106,45.68,0,0.5,0,1,0.5,1,0,0,0,0,0,0,0,0,0,0,1,0,0.5,0,0,0,0.5,0,0,0,0,5
"AgedB6-0897","Batch1","Male","Scorer3",106,34.13,0,0.5,0,1,1,1,0,0,0,0,0,0,0,0,0,0,1,0,0.5,0,0,0,1,0.5,0,0,0.5,7
"AgedB6-0898","Batch1","Male","Scorer3",106,40.33,0,0.5,0,1,0.5,1,0,0,0,0,0,0,0,0,0,0,1,0,0.5,0,0,0,0.5,0,0,0,0,5
"AgedB6-0899","Batch1","Male","Scorer3",106,46.37,0,0.5,0,1,0.5,1,0,0,0,0,0,0,0,0,0,0,1,0,0.5,0,0,0,0.5,0,0,0,0,5
"AgedB6-0886","Batch1","Male","Scorer3",106,38.39,0,0.5,0,0,0.5,1,0,0,0,0,0,0,0,0,0,0,1,0,0.5,0,0,0,0.5,0,0,0,0,4
"AgedB6-0887","Batch1","Male","Scorer3",106,59.17,0,0.5,0,0,0.5,1,0,0,0,0,0,0,0,0,0,0,0.5,0,0.5,0,0,1,0.5,0.5,0,0,0,5
"AgedB6-0888","Batch1","Male","Scorer3",106,43.56,0,0.5,0,0.5,0.5,1,0,0,0,0,0,0,0,0,0,0,1,0,0.5,0,0,0,0,0,0,0,0,4
"AgedB6-0889","Batch1","Male","Scorer3",106,56.7,0,0.5,0,0,0.5,1,0,0,0,0,0,0,0,0,0,0,1,0,0.5,0,0,1,0,0,0,0,0,4.5
"AgedB6-0940","Batch1","Male","Scorer3",20,33.94,0,0.5,0,0,0,0,0,0,0,0,0,0,0,0,0,0,1,0,0,0,0,0,0,0,0,0,0,1.5
"AgedB6-0941","Batch1","Male","Scorer3",20,34.81,0,0.5,0,0.5,0.5,0.5,0,0,0,0,0,0,0,0,0,0,1,0,0.5,0,0,0,0.5,0,0,0,0,4
"AgedB6-0942","Batch1","Male","Scorer3",20,31.92,0,0.5,0,0.5,0,0.5,0,0,0,0,0,0,0,0,0,0,1,0,0,0,0,0,0,0,0,0,0,2.5
"AgedB6-0943","Batch1","Male","Scorer3",20,32.98,0,0.5,0,0,0.5,0.5,0,0,0,0,0,0,0,0,0,0,1,0,0,0,0,0,0,0,0,0,0,2.5
"AgedB6-0375","Batch1","Female","Scorer2",48,41.08,0.5,0.5,0,0,0,1,0,0,0,0,0,0,0,0,0.5,0.5,0.5,0,0,0,0,0.5,0.5,0,0,0,0,4.5
"AgedB6-0576","Batch1","Female","Scorer2",101,50,0,0,0,1,0,0.5,0,0,0,0,0,0,0,0,1,1,1,0,0,0,0,1,0.5,0,0,0,0,6
"AgedB6-0376","Batch1","Female","Scorer2",48,40.07,1,0.5,0,1,1,1,0,0,0,0,0,0,0,0,0.5,1,1,0,0,0,0,0.5,0.5,0,0,0,0,8
"AgedB6-0577","Batch1","Female","Scorer2",101,53.81,0,0,0,1,0,0.5,0,0,0,0,0,0,0,0,1,1,1,0,0,0,0,1,1,0,0,0,0,6.5
"AgedB6-0377","Batch1","Female","Scorer2",51,35.27,0.5,0.5,0,1,0.5,1,0,0,0,0,0,0,0,0,1,1,1,0,0,0,0,0.5,1,0,0,0,0.5,8.5
"AgedB6-0378","Batch1","Female","Scorer2",51,42.39,0,0,0,1,0,0.5,0,0,0,0,0,0,0,0,0.5,1,1,0,0,0,0,1,1,0,0,0,0,6
"AgedB6-0579","Batch1","Female","Scorer2",101,38.27,0,0,0,1,0,0.5,0,0,0,0,0,0,0,0,0.5,1,1,0,0,0.5,0,0.5,0.5,0,0,0,0,5.5
"AgedB6-0667","Batch1","Female","Scorer3",37,32.89,0.5,0,0,0.5,0.5,0.5,0,0,0,0,0,0,0,0,0,0,1,0,0,0,0,0,0,0,0,0,0,3
"AgedB6-0448","Batch1","Male","Scorer1",83,36.24,0,0.5,0,1,0,0,0,0,0,0,0,0,0,0,0,0,1,0,0,0,0,0,0,0,0,0,0,2.5
"AgedB6-0668","Batch1","Female","Scorer3",37,32.31,0.5,0,0,0.5,0.5,0.5,0,0,0,0,0,0,0,0,0,0,1,0,0,0,0,0,0,0,0,0,0,3
"AgedB6-0449","Batch1","Male","Scorer1",83,33,0,1,0,1,0,0,0,0,0,0,0,0,0,0,0,0,1,0,0,0,0,0,0,0,0,0,0,3
"AgedB6-0669","Batch1","Female","Scorer3",37,26.53,0,0,0,0.5,0,0.5,0,0,0,0,0,0,0,0,0,1,1,0,0,0,0,0,0,0,0,0,0,3
"AgedB6-0450","Batch1","Male","Scorer1",83,43.76,0.5,1,0,1,0.5,0,0,0,0,0,0,0,0,0,0,0,1,0,0,0,0,0.5,0,0,0,0,0,4.5
"AgedB6-0670","Batch1","Female","Scorer3",37,18.82,0.5,0,0,0.5,0.5,0.5,0,0,0,0,0,0,0,0,0,0,1,0,0,0,0,0,0,0,0,0.5,0,3.5
"AgedB6-0679","Batch1","Male","Scorer4",39,33.36,0,0.5,0,0,0.5,0.5,0,0,0,0,0,0,0,0,0,0,1,0,0.5,0,0,0,0,0,0,0,0,3
"AgedB6-0756","Batch1","Female","Scorer4",28,29.24,0,0.5,0,0.5,0,0,0.5,0,0,0,0,0,0,0,0,0,1,0,0,0,0,0,0,0,0,0,0,2.5
"AgedB6-0681","Batch1","Male","Scorer4",39,39.27,0,0.5,0,0.5,0.5,0.5,0,0,0,0,0,0,0,0,0,0,1,0,0.5,0.5,0,0.5,0,0,0.5,0,0,5
"AgedB6-0842","Batch1","Female","Scorer4",20,26.28,0,0.5,0,0.5,0,0,0,0,0,0,0,0,0,0,0,0,1,0,0,0,0,0,0,0,0,0,0,2
"AgedB6-0842","Batch1","Female","Scorer4",20,26.28,0,0.5,0,0.5,0,0,0,0,0,0,0,0,0,0,0,0,1,0,0,0,0,0,0,0,0,0,0,2
"AgedB6-0860","Batch1","Male","Scorer4",104,30.35,0,0.5,0,0.5,0.5,0.5,0,0,0,0,0,0,0,0,0,0,1,0.5,0.5,0,0.5,0,1,1,0.5,0,0,7
"AgedB6-0868","Batch1","Male","Scorer4",104,53.59,0,1,0,1,1,1,0,0,0,0,0,0,0,0,0,0,1,0,1,0,0,1,1,1,0,0,0,9
"AgedB6-0861","Batch1","Male","Scorer4",104,44.49,0,0.5,0,0.5,0.5,0.5,0,0,0,0,0,0,0,0,0,0,1,0,0.5,0,0,0.5,0.5,0.5,0,0,0,5
"AgedB6-0869","Batch1","Male","Scorer4",104,40.92,0,0.5,0,0.5,0.5,0.5,0,0,0,0,0,0,0,0,0,0,1,0,0.5,0,0,0.5,0.5,0.5,0,0,0,5
"AgedB6-0862","Batch1","Male","Scorer4",104,54.12,0,0.5,0,0.5,0.5,0.5,0,0,0,0,0,0,0,0,0,0,1,0,0.5,0,0.5,1,0.5,0.5,0.5,0,0,6.5
"AgedB6-0870","Batch1","Male","Scorer4",104,53.65,0,0.5,0,0.5,0.5,0.5,0,0,0,0,0,0,0,0,0,0,1,0,0.5,0,0.5,1,0.5,0.5,0,0,0,6
"AgedB6-0863","Batch1","Male","Scorer4",104,47.87,0,0.5,0,0.5,0.5,0.5,0,0,0,0,0,0,0,0,0,0,1,0,0.5,0,0.5,1,0.5,0.5,0.5,0,0,6.5
"AgedB6-0871","Batch1","Male","Scorer4",104,41.52,0,0.5,0,0.5,0.5,0.5,0,0,0,0,0,0,0,0,0,0,1,0,0.5,0,0,0.5,0.5,0.5,0,0,0,5
"AgedB6-0909","Batch1","Male","Scorer3",106,48.32,0,0.5,0,0.5,0.5,1,0,0,0,0,0,0,0,0,0,0,1,0,0.5,0,0,0,0.5,0,0,0,0,4.5
"AgedB6-0911","Batch1","Male","Scorer3",106,39.85,0,0.5,0,0.5,0.5,1,0,0,0,0,0,0,0,0,0,0.5,1,0,0.5,0,0,0,0.5,0,0,0,0,5
"AgedB6-0912","Batch1","Male","Scorer3",106,41.57,0,0.5,0,1,1,1,0,0,0,0,0,0,0,0,0,0.5,1,0,0,0,0,0,0.5,0,0,0,0,5.5
"AgedB6-0913","Batch1","Male","Scorer3",106,39.08,0,0,0,0.5,0.5,1,0,0,0,0,0,0,0,0,0,0,1,0,0.5,0,0,0,0.5,0,0,0,0,4
"AgedB6-0901","Batch1","Male","Scorer3",106,48.77,0,0,0,0,1,1,0,0,0,0,0,0,0,0,0,0,1,0,0.5,0,0,0.5,0,0,0,0,0,4
"AgedB6-0902","Batch1","Male","Scorer3",106,37.1,0,0.5,0,0,1,1,0,0,0,0,0,0,0,0,0,0,1,0,0.5,0,0,0,0.5,0.5,0,0,0,5
"AgedB6-0903","Batch1","Male","Scorer3",106,46.66,0,0.5,0.5,0.5,1,1,0,0,0,0,0,0,0,0,0,0,1,0,0.5,0,0,0,0.5,0.5,0,0,0,6
"AgedB6-0904","Batch1","Male","Scorer3",106,36.39,0,0.5,0,0.5,1,1,0,0,0,0,0,0,0,0,0,0,1,0,0.5,0,1,0,0.5,0,0,0,0,6
"AgedB6-0954","Batch1","Male","Scorer3",20,32.62,0,0.5,0,0,0,0,0,0,0,0,0,0,0,0,0,0,1,0,0,0,0,0,0,0,0,0,0,1.5
"AgedB6-0388","Batch1","Male","Scorer2",50,32.36,0,1,0,0,1,1,0,0,0,0,0,0,0,0,0,1,1,0,0,0.5,0,0,1,0.5,0,0,0,7
"AgedB6-0624","Batch1","Female","Scorer2",97,57.67,0,0,0,0,0,0.5,0,0,0,0,0,0,0,0,0,0.5,1,0,0,0,0,1,0.5,0,0,0,0,3.5
"AgedB6-0437","Batch2","Male","Scorer3",109,36.56,0,1,0,1,1,1,0,0,0,0,0,0,0,0,1,0,1,0,1,0,0,1,1,1,1,0,0,11
"AgedB6-0625","Batch1","Female","Scorer2",97,38.93,0,0,0,0,0,0.5,0,0,0,0,0,0,0,0,0,0.5,1,0,0,0,0,0.5,1,0,0,0,0,3.5
"AgedB6-0255","Batch1","Male","Scorer2",105,34.79,1,1,1,1,1,1,0,0,0,0,0,0,0,0,0,1,1,1,0,0.5,0,0,1,0.5,0,0,0.5,11.5
"AgedB6-0438","Batch2","Male","Scorer3",109,42.42,0,0,0,1,1,1,0,0,0,0,0,0,0,0,0,0,1,0,0.5,0,0,0,0.5,0.5,0,0.5,0,6
"AgedB6-0626","Batch1","Female","Scorer2",97,38.91,0,0,0,0,0,0.5,0,0,0,0,0,0,0,0,1,1,1,0,0,0,0,0,0,0,0,0,0,3.5
"AgedB6-0256","Batch1","Male","Scorer2",105,38.47,0,1,0,1,1,1,0,0,0,0,0,0,0,0,1,1,1,0,0.5,1,0,0.5,1,0.5,0,0,0,10.5
"AgedB6-0439","Batch2","Male","Scorer3",109,37.62,0,1,0,1,1,1,0,0,0,0,0,0,0,0,0.5,0,0.5,0,0.5,0,0,0,0.5,0.5,0,0,0,6.5
"AgedB6-0627","Batch1","Female","Scorer2",97,31.59,0,0,0,1,0,0.5,0,0,0,0,0,0,0,0,0.5,0.5,1,0,0,0.5,0,0.5,0,0,0,0,0,4.5
"AgedB6-0451","Batch1","Male","Scorer1",83,47.28,0.5,1,0,1,0.5,0,0,0,0,0,0,0,0,0,0,0,1,0,0.5,0,1,0.5,0,0.5,0,0,0,6.5
"AgedB6-0671","Batch1","Female","Scorer3",37,25.54,0.5,0,0,0.5,0.5,0.5,0,0,0,0,0,0,0,0,0,0,1,0,0,0,0,0,0,0,0,0,0,3
"AgedB6-0452","Batch1","Male","Scorer1",83,39.87,0,1,0,1,0.5,0,0,0,0,0,0,0,0,0,0,0,1,0,0,0,0,0,0,0,0,0,0,3.5
"AgedB6-0672","Batch1","Female","Scorer3",37,34.76,0.5,0,0,0.5,0.5,0.5,0,0,0,0,0,0,0,0,0,0,1,0,0,0,0,0,0,0,0,0,0,3
"AgedB6-0453","Batch1","Male","Scorer1",83,37.73,0,1,0,1,0.5,0,0,0,0,0,0,0,0,0,0,0,1,0,0,0,0,0,0,0,0,0,0,3.5
"AgedB6-0673","Batch1","Female","Scorer3",37,31.39,0.5,0,0,0.5,0.5,0.5,0,0,0,0,0,0,0,0,0,0,1,0,0,0,0,0,0,0,0,0,0,3
"AgedB6-0454","Batch1","Male","Scorer1",83,36.59,0,1,0,1,0,0,0,0,0,0,0,0,0,0,0,0,1,0,0,0,0,0,0,0,0,0,0,3
"AgedB6-0674","Batch1","Female","Scorer3",37,31.76,0.5,0,0,0.5,0.5,0.5,0,0,0,0,0,0,0,0,0,0,1,0,0,0,0,0,0,0,0,0,0,3
"AgedB6-0539","Batch1","Female","Scorer3",43,31.65,0,0,0,0.5,0,0,0,0,0,0,0,0,0,0,0,0,1,0,0,0,0,0,0,0,0,0,0,1.5
"AgedB6-0409","Batch1","Female","Scorer3",55,35.81,0.5,0.5,0,0.5,0,0.5,0.5,0,0,0,0,0,0,0,0,0,1,0,0.5,0,0,0,0.5,0,0,0,0,4.5
"AgedB6-0410","Batch1","Female","Scorer3",55,34.73,0.5,0.5,0,0.5,0,0.5,0,0,0,0,0,0,0,0,0,0,1,0,0,0,0,0,0.5,0,0,0,0,3.5
"AgedB6-0411","Batch1","Female","Scorer3",55,36.81,0.5,0,0,0.5,0,0.5,0,0,0,0,0,0,0,0,0,0,1,0,0.5,0,0,0,0.5,0,0,0,0,3.5
"AgedB6-0682","Batch1","Male","Scorer4",38,43.38,0,0.5,0,0.5,0,0.5,0,0,0,0,0,0,0,0,0,0,1,0,0,0.5,0,0.5,0,0,0,0,0,3.5
"AgedB6-0683","Batch1","Male","Scorer4",38,39.78,0,0.5,0,0.5,0.5,0.5,0,0,0,0,0,0,0,0,0,0,1,0,0.5,0,0,0.5,0.5,0.5,0.5,0,0,5.5
"AgedB6-0844","Batch1","Female","Scorer4",24,22.72,0,0.5,0,0.5,0,0.5,0,0,0,0,0,0,0,0,0,0,1,0,0,0,0,0,0,0,0,0,0,2.5
"AgedB6-0684","Batch1","Male","Scorer4",38,47.99,0,0.5,0,0.5,0.5,0.5,0,0,0,0,0,0,0,0,0,0,1,0,0.5,0,0.5,0.5,0.5,0.5,0,0,0,5.5
"AgedB6-0845","Batch1","Female","Scorer4",24,30.18,0,0.5,0,0.5,0,0.5,0,0,0,0,0,0,0,0,0,0,1,0,0,0,0,0.5,0,0,0,0,0,3
"AgedB6-0846","Batch1","Female","Scorer4",24,20.12,0,0.5,0,0.5,0,0.5,0,0,0,0,0,0,0,0,0,0,1,0,0,0,0,0,0,0,0,0,0,2.5
"AgedB6-0864","Batch1","Male","Scorer4",104,53.21,0,0.5,0,0.5,0.5,0.5,0,0,0,0,0,0,0,0,0,0,1,0,0.5,0,0,1,0.5,0.5,0.5,0,0,6
"AgedB6-0874","Batch1","Male","Scorer4",104,41.08,0,0.5,0,0.5,0.5,0.5,0,0,0,0,0,0,0,0,0,0,1,0,0.5,0,0,0.5,0.5,0.5,0,0,0,5
"AgedB6-0865","Batch1","Male","Scorer4",104,49.37,0,0.5,0,0.5,0.5,0.5,0,0,0,0,0,0,0,0,0,0,1,0,0.5,0,0.5,0.5,0.5,0.5,0,0,0,5.5
"AgedB6-0873","Batch1","Male","Scorer4",104,38.25,0,0.5,0,0.5,0.6,0.5,0,0,0,0,0,0,0,0,0,0,1,0,0.5,0,0,0.5,0.5,0.5,0,0,0,5.1
"AgedB6-0866","Batch1","Male","Scorer4",104,47.97,0,0,0,0.5,0.5,0.5,0,0,0,0,0,0,0,0,0,0,1,0,0.5,0,0,0.5,0.5,0.5,0,0,0,4.5
"AgedB6-0872","Batch1","Male","Scorer4",104,48.57,0,0.5,0,0.5,0.5,0.5,0,0,0,0,0,0,0,0,0,0,1,0,0.5,0,0,1,0.5,0.5,0.5,0,0,6
"AgedB6-0914","Batch1","Male","Scorer3",106,40.23,0,0.5,0,0.5,0.5,1,0,0,0,0,0,0,0,0,0,0,1,0,0.5,0,0,0,0.5,0,0,0,0,4.5
"AgedB6-0916","Batch1","Male","Scorer3",106,40.56,0,0.5,0,0.5,0.5,1,0,0,0,0,0,0,0,0,1,1,1,0,0.5,0,0,0,0.5,0,0,0,0,6.5
"AgedB6-0905","Batch1","Male","Scorer3",106,42.85,0,0.5,0.5,0,1,1,0,0,0,0,0,0,0,0,0,0,1,0,0.5,0,0,0,0.5,0,0,0,0,5
"AgedB6-0955","Batch1","Male","Scorer3",20,30.03,0,0.5,0,0,0,0,0,0,0,0,0,0,0,0,0,0,1,0,0,0,0,0,0,0,0,0,0,1.5
"AgedB6-0907","Batch1","Male","Scorer3",106,42.36,0,0.5,0,0,1,1,0,0,0,0,0,0,0,0,0,0,1,0,0.5,0,0,0.5,0.5,0,0,0,0,5
"AgedB6-1036","Batch1","Male","Scorer3",20,31.54,0,0.5,0,0,0,0.5,0,0,0,0,0,0,0,0,0,0,1,0,0,0,0,0,0,0,0,0,0,2
"AgedB6-0908","Batch1","Male","Scorer3",106,39.49,0,0.5,0,0,1,1,0,0,0,0,0,0,0,0,0,0,1,0,0.5,0,0,0,0.5,0,0,0,0,4.5
"AgedB6-0937","Batch1","Female","Scorer3",20,24.84,0,0,0,0.5,0,0,0,0,0,0,0,0,0,0,0,0,1,0,0,0,0,0,0,0,0,0,0,1.5
"AgedB6-0422","Batch1","Female","Scorer3",59,34.07,0,0.5,0,0,0.5,1,0,0,0,0,0,0,0,0,0,0,1,0,0.5,0,0,0,0,0,0,0,0,3.5
"AgedB6-0440","Batch2","Male","Scorer3",109,38.28,0,0,0,1,1,1,0,0,0,0,0,0,0,0,1,0,1,0,1,0,0,0,1,1,0,0,1,9
"AgedB6-0628","Batch1","Female","Scorer2",97,24.49,0,0,0,1,0,1,0,0,0,0,0,0,0,0,0.5,0,1,0,0,1,0,0,0.5,0.5,0,0,0.5,6
"AgedB6-0441","Batch2","Male","Scorer3",109,34.34,0,0,0,1,1,1,0,0,0,0,0,0,0,0,1,0,1,0,1,0,0,1,1,1,0,0,0,9
"AgedB6-0472","Batch1","Female","Scorer2",111,38.25,1,1,0,1,1,1,0,0,0,0,0,0,0,0,0.5,1,1,0,0,0.5,0,0,0.5,0,0,0,0.5,9
"AgedB6-0442","Batch2","Male","Scorer3",109,40.09,0,1,0,1,1,1,0,0,0,0,0,0,0,0,0,0,1,0,1,0,0,1,1,1,0,1,0,10
"AgedB6-0474","Batch1","Female","Scorer2",111,32.59,1,1,0,1,1,1,0,0,0,0,0,0,0,0,0,1,1,0,0,1,0,0,1,0.5,0,0,0,9.5
"AgedB6-0427","Batch1","Male","Scorer1",83,39.89,0,1,0,0,0.5,0,0,0,0,0,0,0,0,0,0,0,1,0,0.5,0,0,0,0,0,0,0,0,3
"AgedB6-0455","Batch1","Male","Scorer1",83,48.07,0,1,0,1,0.5,0,0,0,0,0,0,0,0,0,0,0,1,0,0,0,0,0.5,0,0.5,0,0,0,4.5
"AgedB6-0456","Batch1","Male","Scorer1",83,37.94,0,0,0,0,0,0,0,0,0,0,0,0,0,0,0,0,1,0,0,0,0,0.5,0,0.5,0,0,0,2
"AgedB6-0429","Batch1","Male","Scorer1",83,36.25,0,1,0,0,0.5,0,0,0,0,0,0,0,0,0,0,0,1,0,0.5,0,0,0,0,0,0,0,0,3
"AgedB6-0457","Batch1","Male","Scorer1",83,42.05,0,0.5,0,0,0,0,0,0,0,0,0,0,0,0,0,0,1,0,0,0,0,0.5,0,0.5,0,0,0,2.5
"AgedB6-0430","Batch1","Male","Scorer1",83,43.28,0,1,0,0,0.5,0,0,0,0,0,0,0,0,0,0,0,1,0,0,0,0,0.5,0,0,0,0,0,3
"AgedB6-0458","Batch1","Male","Scorer1",83,54.69,0,0.5,0,0,0,0,0,0,0,0,0,0,0,0,0,0,1,0,0,0,0,1,0,1,0,0,0,3.5
"AgedB6-0412","Batch1","Female","Scorer3",55,42.54,0.5,0.5,0,0.5,0.5,0.5,0,0,0,0,0,0,0,0,0,0,1,0,0,0,0,0,0,0.5,0,0,0,4
"AgedB6-0414","Batch1","Female","Scorer3",55,40.78,0.5,0.5,0,0.5,0.5,0.5,0,0,0,0,0,0,0,0,0,0,1,0,0,0,0,0,0,0,0,0,0,3.5
"AgedB6-0415","Batch1","Female","Scorer3",55,30.41,0,0.5,0,0.5,0.5,0.5,0,0,0,0,0,0,0,0,0,0,1,0,0,0,0,0,0,0,0,0,0,3
"AgedB6-0849","Batch1","Female","Scorer4",24,24.18,0,0.5,0,0.5,0,0.5,0,0,0,0,0,0,0,0,0,0,1,0,0,0,0,0,0,0,0,0,0,2.5
"AgedB6-0850","Batch1","Female","Scorer4",24,22.84,0,0.5,0,0.5,0,0,0,0,0,0,0,0,0,0,0,0,1,0,0,0,0,0,0,0,0,0,0,2
"AgedB6-0851","Batch1","Female","Scorer4",24,23.59,0,0.5,0,0.5,0,0.5,0,0,0,0,0,0,0,0,0,0,1,0,0,0,0,0,0,0,0,0,0,2.5
"AgedB6-0739","Batch1","Male","Scorer4",29,35.17,0,0.5,0,0.5,0.5,0.5,0,0,0,0,0,0,0,0,0,0,1,0,0.5,0,0,0,0,0,0,0,0,3.5
"AgedB6-0839","Batch1","Male","Scorer4",25,32.27,0,0,0,0,0,0,0,0,0,0,0,0,0,0,0,0,1,0,0,0,0,0,0,0,0,0,0,1
"AgedB6-0918","Batch1","Male","Scorer3",106,45.05,0.5,0,0,0.5,1,1,0,0,0,0,0,0,0,0,1,1,1,0,0.5,0,0,0,0.5,0,0,0,0.5,7.5
"AgedB6-0921","Batch1","Male","Scorer3",106,49.02,0.5,0,0,1,1,1,0,1,0,1,0,0,0,0,0,0,1,0,0.5,0,0,0.5,0.5,0,0,0,0.5,8.5
"AgedB6-0939","Batch1","Female","Scorer3",20,22.72,0,0,0,0.5,0,0,0,0,0,0,0,0,0,0,0,0,1,0,0,0,0,0,0,0,0,0,0,1.5
"AgedB6-0928","Batch1","Male","Scorer3",106,32.17,0,0.5,0,0.5,0.5,1,0,0,0,0,0,0,0,0,0,0,1,0,0.5,0,0,0,1,0,0.5,0,0.5,6
"AgedB6-0945","Batch1","Female","Scorer3",20,23.25,0,0,0,0.5,0,0,0,0,0,0,0,0,0,0,0,0,1,0,0,0,0,0,0,0,0,0,0,1.5
"AgedB6-0929","Batch1","Male","Scorer3",106,43.96,0,0.5,0,0.5,0.5,1,0,0,0,0,0,0,0,0,0,0,1,0,0.5,0,0,0.5,0.5,0,0,0,0,5
"AgedB6-0946","Batch1","Female","Scorer3",20,23.16,0,0,0.5,0.5,0,0,0,0,0,0,0,0,0,0,0,0,1,0,0,0,0,0,0,0,0,0,0,2
"AgedB6-0475","Batch1","Female","Scorer2",111,32.29,1,0,0,1,1,1,0,0,0,0,0,0,0,0,1,1,1,0,0,1,1,0,1,1,0,0,0.5,11.5
"AgedB6-0482","Batch1","Female","Scorer2",111,45.11,0,1,0,0,0,1,0,0,0,0,0,0,0,0,1,1,1,0,0,0.5,0.5,0.5,0.5,0,0,0,0,7
"AgedB6-0483","Batch1","Female","Scorer2",111,59.51,1,1,0,0,1,1,0,0,0,0,0,0,0,0,0,1,1,0,0,0,0.5,1,1,0,0,0,0.5,9
"AgedB6-0484","Batch1","Female","Scorer2",111,34.96,0.5,1,0,0,1,1,0,0,0,0,0,0,0,0,1,1,1,0,0,1,0,0.5,0.5,0.5,0,0,0,9
"AgedB6-0431","Batch1","Male","Scorer1",83,45.32,0,1,0,0,0.5,0,0,0,0,0,0,0,0,0,0,0,1,0,0,0,0,0.5,0,0.5,0,0,0,3.5
"AgedB6-0459","Batch1","Male","Scorer1",83,48.57,0,1,0,0.5,0.5,0,0,0,0,0,0,0,0,0,0,0,1,0,0,0,0,0.5,0,0.5,0,0,0,4
"AgedB6-0432","Batch1","Male","Scorer1",83,36.23,0,1,0,0,0.5,0,0,0,0,0,0,0,0,0,0,0,1,0,0,0,0,0,0,0,0,0,0,2.5
"AgedB6-0460","Batch1","Male","Scorer1",83,49.73,0,1,0,0.5,0.5,0,0,0,0,0,0,0,0,0,0,0,1,0,0,0,0,0.5,0,0.5,0,0,0,4
"AgedB6-0433","Batch1","Male","Scorer1",83,38.72,0,1,0,0,0.5,0,0,0,0,0,0,0,0,0,0,0,1,0,0,0,0,0,0,0,0,0,0,2.5
"AgedB6-0421","Batch1","Female","Scorer3",55,38.48,0.5,0.5,0,0.5,0.5,0.5,0,0,0,0,0,0,0,0,0,0,1,0,0,0,0,0,0.5,0,0,0,0,4
"AgedB6-0263","Batch1","Female","Scorer3",117,30.56,0,0.5,0,0,0,0.5,0,0,0,0,0,0,0,0,0,0,1,0,0.5,0,0,0,0.5,0.5,0,0.5,0,4
"AgedB6-0264","Batch1","Female","Scorer3",117,33.15,0,0.5,0,0,0,0.5,0,0,0,0,0,0,0,0,0,0,1,0,0.5,0,0,0,0.5,0,0,0,0,3
"AgedB6-0243","Batch1","Male","Scorer3",134,32.93,0,1,0,0,0.5,1,0,0,0,0,0,0,0,0,0.5,0,1,0,0.5,0,0,0,1,0,0,0,0,5.5
"AgedB6-0741","Batch1","Male","Scorer4",29,34.21,0,0.5,0,0.5,0.5,0.5,0,0,0,0,0,0,0,0,0,0,1,0,0.5,0,0,0,0,0,0,0,0,3.5
"AgedB6-0742","Batch1","Male","Scorer4",29,36.07,0,0.5,0,0.5,0.5,0.5,0,0,0,0,0,0,0,0,0,0,1,0,0.5,0,0,0,0,0,0,0,0,3.5
"AgedB6-0743","Batch1","Male","Scorer4",29,38.48,0,0.5,0,0.5,0.5,0.5,0,0,0,0,0,0,0,0,0,0,1,0,0.5,0,0,0,0,0,0,0,0,3.5
"AgedB6-0840","Batch1","Male","Scorer4",25,40.59,0,0,0,0,0,0.5,0,0,0,0,0,0,0,0,0,0,1,0,0.5,0,0.5,0.5,0,0,0,0,0,3
"AgedB6-0841","Batch1","Male","Scorer4",25,34.6,0,0,0,0,0,0,0,0,0,0,0,0,0,0,0,0,1,0,0,0,0,0,0,0,0,0,0,1
"AgedB6-0847","Batch1","Male","Scorer4",24,34.63,0,0,0,0.5,0,0.5,0,0,0,0,0,0,0,0,0,0,1,0,0,0,0,0,0,0,0,0,0,2
"AgedB6-0848","Batch1","Male","Scorer4",24,37.45,0,0.5,0,0.5,0,0.5,0,0,0,0,0,0,0,0,0,0,1,0,0.5,0,0.5,0,0.5,0,0,0,0,4
"AgedB6-0924","Batch1","Male","Scorer3",106,44.56,0,0,0,1,0.5,1,0,0,0,0,0,0,0,0,0,0,0,0,0.5,0,0,0,0.5,0,0,0,0.5,4
"AgedB6-0925","Batch1","Male","Scorer3",106,42.9,0.5,0,0,1,0.5,1,0,0,0,0,0,0,0,0,0,0,1,0,0.5,0,0,0,0.5,0,0,0,0,5
"AgedB6-0926","Batch1","Male","Scorer3",106,49.74,0.5,0,0,1,0.5,1,0,0,0,0,0,0,0,0,0,0,1,0,0.5,0,0,0,0.5,0,0,0,0,5
"AgedB6-0930","Batch1","Male","Scorer3",106,37.84,0,0,0,0,0.5,1,0,0,0,0,0,0,0,0,0.5,0,1,0,0.5,0,0.5,1,0.5,0.5,0,0,0,6
"AgedB6-0947","Batch1","Female","Scorer3",20,23.52,0,0,0,0.5,0,0,0,0,0,0,0,0,0,0,0,0,1,0,0,0,0,0,0,0,0,0,0,1.5
"AgedB6-0931","Batch1","Male","Scorer3",106,42.74,0,0,0,0.5,0.5,1,0,0,0,0,0,0,0,0,0,0,1,0,0.5,0,0,0.5,0.5,0,0,0,0,4.5
"AgedB6-0949","Batch1","Female","Scorer3",20,22.79,0,0,0,0.5,0,0,0,0,0,0,0,0,0,0,0,0,1,0,0,0,0,0,0,0,0,0,0,1.5
"AgedB6-0933","Batch1","Male","Scorer3",106,46.4,0,0.5,0,0.5,0.5,1,0,0,0,0,0,0,0,0,0,0,1,0,0.5,0,0,0.5,0.5,0,0,0,0,5
"AgedB6-0950","Batch1","Female","Scorer3",20,22.37,0,0,0,0.5,0,0,0,0,0,0,0,0,0,0,0,0,1,0,0,0,0,0,0,0,0,0,0,1.5
"AgedB6-0935","Batch1","Male","Scorer3",106,34.19,0,1,0,0.5,0.5,1,0,0,0,0,0,0,0,0,0,0,1,0,0.5,0,0,0,1,0,0,0,0.5,6
"AgedB6-0951","Batch1","Male","Scorer3",20,32.26,0,0.5,0,0,0,0.5,0,0,0,0,0,0,0,0,0,0,1,0,0,0,0,0,0,0,0,0,0,2
"AgedB6-0739","Batch1","Male","Scorer4",29,35.17,0,0.5,0,0.5,0.5,0.5,0,0,0,0,0,0,0,0,0,0,1,0,0.5,0,0,0,0,0,0,0,0,3.5
"AgedB6-0740","Batch2","Male","Scorer3",52,42.04,0,0.5,0,0,0.5,0.5,0,0,0,0,0,0,0,0,0,0,1,0,0,0,0,0,0.5,0,0,0,0,3
"AgedB6-0741","Batch1","Male","Scorer4",29,34.21,0,0.5,0,0.5,0.5,0.5,0,0,0,0,0,0,0,0,0,0,1,0,0.5,0,0,0,0,0,0,0,0,3.5
"AgedB6-0409","Batch1","Female","Scorer3",55,35.81,0.5,0.5,0,0.5,0,0.5,0.5,0,0,0,0,0,0,0,0,0,1,0,0.5,0,0,0,0.5,0,0,0,0,4.5
"AgedB6-0410","Batch1","Female","Scorer3",55,34.73,0.5,0.5,0,0.5,0,0.5,0,0,0,0,0,0,0,0,0,0,1,0,0,0,0,0,0.5,0,0,0,0,3.5
"AgedB6-0411","Batch1","Female","Scorer3",55,36.81,0.5,0,0,0.5,0,0.5,0,0,0,0,0,0,0,0,0,0,1,0,0.5,0,0,0,0.5,0,0,0,0,3.5
"AgedB6-1043","Batch2","Female","Scorer3",36,27.09,0,0,0,0.5,0,0,0,0,0,0,0,0,0,0,0,0.5,1,0,0,0,0,0,0,0,0,0,0,2
"AgedB6-1120","Batch2","Female","Scorer3",26,27.58,0,0,0,0.5,0,0,0,0,0,0,0,0,0,0,0,0.5,1,0,0,0,0,0,0,0,0,0,0,2
"AgedB6-1121","Batch2","Female","Scorer3",26,25.53,0,0,0,1,0,0,0,0,0,0,0,0,0,0,0,1,1,0,0,0,0,0,0,0,0,0,0,3
"AgedB6-1122","Batch2","Female","Scorer3",26,24.49,0,0,0,0.5,0,0,0,0,0,0,0,0,0,0,0,0.5,1,0,0,0,0,0,0,0,0,0,0,2
"AgedB6-0420","Batch1","Male","Scorer3",55,49,0.5,1,0,1,0.5,1,0,0,0,0,0,0,0,0,0,0,1,0,0.5,0,0,0,0.5,0.5,0,0,0,6.5
"AgedB6-0426","Batch1","Male","Scorer3",55,41.47,0,0.5,0,0,0.5,1,0,0,0,0,0,0,0,0,0,0,1,0,0.5,0,0,0,0.5,0,0,0,0,4
"AgedB6-1049","Batch2","Male","Scorer3",36,41.46,0,0,0,0,0,0.5,0,0,0,0,0,0,0,0,0,0,1,0,0,0,0,0,0.5,0,0,0,0,2
"AgedB6-1050","Batch2","Male","Scorer3",36,34.52,0.5,0,0,0,0,0.5,0,0,0,0,0,0,0,0,0,0,1,0,0,0,0,0,0.5,0,0,0,0,2.5
"AgedB6-1051","Batch2","Male","Scorer3",36,38.63,0.5,0,0,0.5,0,0.5,0,0,0,0,0,0,0,0,0.5,0,1,0,0,0,0,0,0.5,0,0,0,0,3.5
"AgedB6-1052","Batch2","Male","Scorer3",36,36.19,0.5,0,0,0.5,0,0.5,0,0,0,0,0,0,0,0,0.5,0,1,0,0,0,0,0,0.5,0,0,0,0,3.5
"AgedB6-1160","Batch2","Female","Scorer3",17,24.18,0,0,0,0,0,0,0,0,0,0,0,0,0,0,0,0,1,0,0,0,0,0,0,0,0,1,0,2
"AgedB6-1161","Batch2","Female","Scorer3",17,33.09,0,0,0,0,0,0,0,0,0,0,0,0,0,0,0,0,1,0,0,0,0,0,0,0,0,0,0,1
"AgedB6-1162","Batch2","Female","Scorer3",17,34.26,0,0,0,0,0,0,0,0,0,0,0,0,0,0,0,0,1,0,0,0,0,0,0,0,0,0,0,1
"AgedB6-1167","Batch2","Female","Scorer3",17,30.91,0,0,0,0,0,0,0,0,0,0,0,0,0,0,0,0,1,0,0,0,0,0,0,0,0,0,0,1
"AgedB6-1187","Batch2","Female","Scorer3",97,45.57,1,0,0,1,0.5,1,0,0,0,0,0,0,0,0,0,0,1,0,0.5,0,0,1,0.5,0,0,0,0,6.5
"AgedB6-1188","Batch2","Female","Scorer3",97,49.32,1,0,0,1,0.5,1,0,0,0,0,0,0,0,0,0,0.5,1,0,0.5,0,0,1,0.5,0,0,0,0,7
"AgedB6-0665","Batch2","Female","Scorer3",63,36.39,0.5,0,0,0.5,0,0.5,0,0,0,0,0,0,0,0,0,0,1,0,0,0,0,0,0.5,0,0,0,0,3
"AgedB6-0666","Batch1","Female","Scorer3",37,29.97,0.5,0,0,0.5,0.5,0.5,0,0,0,0,0,0,0,0,0,0,1,0,0,0,0,0,0,0,0,0,0,3
"AgedB6-0667","Batch1","Female","Scorer3",37,32.89,0.5,0,0,0.5,0.5,0.5,0,0,0,0,0,0,0,0,0,0,1,0,0,0,0,0,0,0,0,0,0,3
"AgedB6-0668","Batch1","Female","Scorer3",37,32.31,0.5,0,0,0.5,0.5,0.5,0,0,0,0,0,0,0,0,0,0,1,0,0,0,0,0,0,0,0,0,0,3
"AgedB6-0889","Batch1","Male","Scorer3",106,56.7,0,0.5,0,0,0.5,1,0,0,0,0,0,0,0,0,0,0,1,0,0.5,0,0,1,0,0,0,0,0,4.5
"AgedB6-0918","Batch1","Male","Scorer3",106,45.05,0.5,0,0,0.5,1,1,0,0,0,0,0,0,0,0,1,1,1,0,0.5,0,0,0,0.5,0,0,0,0.5,7.5
"AgedB6-0922","Batch2","Male","Scorer3",128,33.18,0,1,0.5,1,1,1,0,0,0,0,0,0,0,0,0.5,0,1,0.5,1,0,1,1,1,1,1,0,0.5,13
"AgedB6-0890","Batch1","Male","Scorer3",106,44.37,0,0.5,0,1,0.5,1,0,0,0,0,0,0,0,0,0,0,1,0,0.5,0,0,0,0.5,0,0,0,0,5
"AgedB6-0891","Batch1","Male","Scorer3",106,47.9,0,0.5,0,1,0.5,1,0,0,0,0,0,0,0,0,0,0,1,0,0.5,0,0,0,0.5,0,0,0,0,5
"AgedB6-0893","Batch1","Male","Scorer3",106,38.99,0,0.5,0,1,0.5,1,0,0,0,0,0,0,0,0,0,0,1,0,0.5,0,0,0,0.5,0,0,0,0,5
"AgedB6-1204","Batch2","Female","Scorer3",99,45.95,1,0,0,1,0,0.5,0,0,0,0,0,0,0,0,0,0,1,0,0,0,0,0.5,0,0,0,0,0,4
"AgedB6-1205","Batch2","Female","Scorer3",99,38.46,0,0,0,1,0,0.5,0,0,0,0,0,0,0,0,0,0,1,0,0.5,0,0,0,0.5,0,0,0,0,3.5
"AgedB6-1247","Batch2","Male","Scorer3",100,41.92,0.5,0.5,0,0,1,1,0,0,0,0,0,0,0,0,0,0,1,0,0.5,0,0,0.5,0.5,0,0,0,0,5.5
"AgedB6-1249","Batch2","Male","Scorer3",100,39.59,0,0.5,0,0,1,1,0,0,0,0,0,0,0,0,0,0,1,0,0.5,0,0,0,0.5,0.5,0,0,0,5
"AgedB6-1251","Batch2","Male","Scorer3",100,39.52,0,0.5,0,0,0.5,1,0,0,0,0,0,0,0,0,0,0,1,0,0.5,0,1,0,0.5,0,0,0,0,5
"AgedB6-1143","Batch2","Male","Scorer3",24,35.71,0,0,0,0.5,0,0.5,0,0,0,0,0,0,0,0,0,0,1,0,0,0,0,0,0,0,0,0,0,2
"AgedB6-1144","Batch2","Male","Scorer3",24,40.28,0,0,0,0.5,0,0.5,0,0,0,0,0,0,0,0,0.5,0,1,0,0,0,0,0,0,0,0,0,0,2.5
"AgedB6-1145","Batch2","Male","Scorer3",24,37.87,0,0,0,0.5,0,0.5,0,0,0,0,0,0,0,0,0.5,0,1,0,0.5,0,0,0,0,0,0,0,0,3
"AgedB6-1146","Batch2","Male","Scorer3",24,37.68,0,0,0,0.5,0.5,0.5,0,0,0,0,0,0,0,0,0.5,0,1,0,0,0,0,0,0,0,0,0,0,3
"AgedB6-0447","Batch2","Male","Scorer3",111,32.54,0,0.5,0,1,0.5,1,0,0,0,0,0,0,0,0,0,0,1,0,0.5,0,0,0.5,1,0.5,0,0,0.5,7
"AgedB6-0448","Batch1","Male","Scorer1",83,36.24,0,0.5,0,1,0,0,0,0,0,0,0,0,0,0,0,0,1,0,0,0,0,0,0,0,0,0,0,2.5
"AgedB6-0449","Batch1","Male","Scorer1",83,33,0,1,0,1,0,0,0,0,0,0,0,0,0,0,0,0,1,0,0,0,0,0,0,0,0,0,0,3
"AgedB6-0451","Batch1","Male","Scorer1",83,47.28,0.5,1,0,1,0.5,0,0,0,0,0,0,0,0,0,0,0,1,0,0.5,0,1,0.5,0,0.5,0,0,0,6.5
"AgedB6-0842","Batch1","Female","Scorer4",20,26.28,0,0.5,0,0.5,0,0,0,0,0,0,0,0,0,0,0,0,1,0,0,0,0,0,0,0,0,0,0,2
"AgedB6-0844","Batch1","Female","Scorer4",24,22.72,0,0.5,0,0.5,0,0.5,0,0,0,0,0,0,0,0,0,0,1,0,0,0,0,0,0,0,0,0,0,2.5
"AgedB6-1236","Batch2","Male","Scorer3",101,41.1,0,0.5,0,1,0.5,1,0,0,0,0,0,0,0,0,0,0,1,0,0.5,0,0,0,0.5,0,0,0,0,5
"AgedB6-1237","Batch2","Male","Scorer3",101,38.25,0,0.5,0,1,0.5,1,0,0,0,0,0,0,0,0,0,0,1,0,0.5,0,0,0.5,0.5,0,0.5,0,0,6
"AgedB6-1238","Batch2","Male","Scorer3",101,44.02,0,0.5,0,1,0.5,1,0,0,0,0,0,0,0,0,0,0,1,0,0.5,0,0,0.5,0.5,0,0,0,0,5.5
"AgedB6-1239","Batch2","Male","Scorer3",101,48.71,0,0.5,0,1,0.5,1,0,0,0,0,0,0,0,0,0.5,0,1,0,0.5,0,0,0.5,0,0.5,0,0,0,6
"AgedB6-0856","Batch1","Male","Scorer4",25,39.01,0,0.5,0,0.5,0,0.5,0,0,0,0,0,0,0,0,0,0,1,0,0.5,0,0,0.5,0.5,0,0,0,0,4
"AgedB6-0940","Batch1","Male","Scorer3",20,33.94,0,0.5,0,0,0,0,0,0,0,0,0,0,0,0,0,0,1,0,0,0,0,0,0,0,0,0,0,1.5
"AgedB6-0941","Batch1","Male","Scorer3",20,34.81,0,0.5,0,0.5,0.5,0.5,0,0,0,0,0,0,0,0,0,0,1,0,0.5,0,0,0,0.5,0,0,0,0,4
"AgedB6-0942","Batch1","Male","Scorer3",20,31.92,0,0.5,0,0.5,0,0.5,0,0,0,0,0,0,0,0,0,0,1,0,0,0,0,0,0,0,0,0,0,2.5
"AgedB6-1252","Batch2","Male","Scorer3",101,47.87,0.5,1,0,1,0.5,1,0,0,0,0,0,0,0,0,0,0,1,0,0.5,0,0.5,1,0.5,0,0,0,0.5,8
"AgedB6-1253","Batch2","Male","Scorer3",101,46.08,1,0.5,0,1,0.5,1,0,0,0,0,0,0,0,0,0.5,0,1,0,0.5,0,0.5,1,0.5,0,0,0,0,8
"AgedB6-1254","Batch2","Male","Scorer3",101,47.24,1,0.5,0,1,0.5,1,0,0,0,0,0,0,0,0,0.5,0,1,0,0.5,0,0,1,0.5,0,0,0,0,7.5
"AgedB6-0743","Batch1","Male","Scorer4",29,38.48,0,0.5,0,0.5,0.5,0.5,0,0,0,0,0,0,0,0,0,0,1,0,0.5,0,0,0,0,0,0,0,0,3.5
"AgedB6-0747","Batch1","Male","Scorer4",28,36.3,0,0.5,0,0.5,0.5,0.5,0,0,0,0,0,0,0,0,0,0,1,0,0.5,0,0,0,0.5,0.5,0,0,0,4.5
"AgedB6-0748","Batch1","Male","Scorer4",28,32.6,0,0.5,0,0.5,0.5,0.5,0,0,0,0,0,0,0,0,0,0,1,0,0.5,0,0,0,0.5,0.5,0,0,0,4.5
"AgedB6-0754","Batch2","Male","Scorer3",51,52.05,0,0.5,0,0,0,0.5,0,0,0,0,0,0,0,0,0.5,0,1,0,0.5,0,0,0.5,0.5,0.5,0,0,0,4.5
"AgedB6-0413","Batch2","Female","Scorer3",80,42.91,0.5,0,0,1,0.5,0.5,0,0,0,0,0,0,0,0,0,0,1,0,0,0,0.5,0.5,0,0,0,0,0,4.5
"AgedB6-0414","Batch1","Female","Scorer3",55,40.78,0.5,0.5,0,0.5,0.5,0.5,0,0,0,0,0,0,0,0,0,0,1,0,0,0,0,0,0,0,0,0,0,3.5
"AgedB6-0737","Batch1","Female","Scorer4",29,26.89,0,0.5,0,0.5,0,0.5,0,0,0,0,0,0,0,0,0,0,1,0,0,0,0,0,0,0,0,0,0,2.5
"AgedB6-0738","Batch1","Female","Scorer4",29,27.55,0,0.5,0,0.5,0,0,0,0,0,0,0,0,0,0,0,0,1,0,0,0,0,0,0,0,0,0,0,2
"AgedB6-1123","Batch2","Female","Scorer3",26,32.27,0,0,0,1,0,0,0,0,0,0,0,0,0,0,0.5,1,1,0,0,0,0,0,0,0,0,0,0,3.5
"AgedB6-1125","Batch2","Female","Scorer3",25,20.98,0.5,0,0,1,0,0,0,0,0,0,0,0,0,0,0,0,1,0,0.5,0,0,0,0.5,0,0,0,0,3.5
"AgedB6-1126","Batch2","Female","Scorer3",25,26.15,0,0,0,1,0,0,0,0,1,0,0,0,0,0,0,1,1,0,0,0,0,0,0,0,0,0,0,4
"AgedB6-1127","Batch2","Female","Scorer3",25,28.38,0,0,0,1,0,0,0,0,0,0,0,0,0,0,0,0.5,1,0,0,0,0,0,0,0,0,0,0,2.5
"AgedB6-1056","Batch2","Male","Scorer3",35,35.2,0,0,0,0.5,0,0.5,0,0,0,0,0,0,0,0,0,0,1,0,0,0,0,0,0.5,0,0,0,0,2.5
"AgedB6-1168","Batch2","Female","Scorer3",17,31.4,0,0.5,0,0,0,0,0,0,0,0,0,0,0,0,0,0,1,0,0,0,0,0,0,0,0,0,0,1.5
"AgedB6-1169","Batch2","Female","Scorer3",17,31.75,0,0,0,0,0,0,0,0,0,0,0,0,0,0,0,0,1,0,0,0,0,0,0,0,0,0,0,1
"AgedB6-1170","Batch2","Female","Scorer3",17,35.46,0,0,0,0,0,0,0,0,0,0,0,0,0,0,0,0,1,0,0,0,0,0,0,0,0,0,0,1
"AgedB6-1171","Batch2","Female","Scorer3",17,34.95,0,0.5,0,0,0,0,0,0,0,0,0,0,0,0,0,0,1,0,0,0,0,0,0,0,0,0,0,1.5
"AgedB6-1189","Batch2","Female","Scorer3",97,42.22,1,0,0,1,0.5,1,0,0,0,0,0,0,0,0,0,0,1,0,0.5,0,0.5,0,0.5,0,0,0,0,6
"AgedB6-1190","Batch2","Female","Scorer3",97,36.45,1,0,0,0,0.5,1,0,0,0,0,0,0,0,0,0,0,1,0,0.5,0,0,0,0.5,0,0,0,0,4.5
"AgedB6-1191","Batch2","Female","Scorer3",97,32.91,1,0,0,1,0.5,1,0,0,0,0,0,0,0,0,0,0,1,0,0.5,0,0,0,0.5,0,0,0,0,5.5
"AgedB6-1192","Batch2","Female","Scorer3",97,43.02,1,0,0,1,0.5,0.5,0,0,0,0,0,0,0,0,0,1,1,0,0.5,0,0,0,0.5,0,0,0,0,6
"AgedB6-0437","Batch2","Male","Scorer3",109,36.56,0,1,0,1,1,1,0,0,0,0,0,0,0,0,1,0,1,0,1,0,0,1,1,1,1,0,0,11
"AgedB6-0438","Batch2","Male","Scorer3",109,42.42,0,0,0,1,1,1,0,0,0,0,0,0,0,0,0,0,1,0,0.5,0,0,0,0.5,0.5,0,0.5,0,6
"AgedB6-0439","Batch2","Male","Scorer3",109,37.62,0,1,0,1,1,1,0,0,0,0,0,0,0,0,0.5,0,0.5,0,0.5,0,0,0,0.5,0.5,0,0,0,6.5
"AgedB6-0669","Batch1","Female","Scorer3",37,26.53,0,0,0,0.5,0,0.5,0,0,0,0,0,0,0,0,0,1,1,0,0,0,0,0,0,0,0,0,0,3
"AgedB6-0670","Batch1","Female","Scorer3",37,18.82,0.5,0,0,0.5,0.5,0.5,0,0,0,0,0,0,0,0,0,0,1,0,0,0,0,0,0,0,0,0.5,0,3.5
"AgedB6-0671","Batch1","Female","Scorer3",37,25.54,0.5,0,0,0.5,0.5,0.5,0,0,0,0,0,0,0,0,0,0,1,0,0,0,0,0,0,0,0,0,0,3
"AgedB6-0672","Batch1","Female","Scorer3",37,34.76,0.5,0,0,0.5,0.5,0.5,0,0,0,0,0,0,0,0,0,0,1,0,0,0,0,0,0,0,0,0,0,3
"AgedB6-0924","Batch1","Male","Scorer3",106,44.56,0,0,0,1,0.5,1,0,0,0,0,0,0,0,0,0,0,0,0,0.5,0,0,0,0.5,0,0,0,0.5,4
"AgedB6-0896","Batch1","Male","Scorer3",106,45.68,0,0.5,0,1,0.5,1,0,0,0,0,0,0,0,0,0,0,1,0,0.5,0,0,0,0.5,0,0,0,0,5
"AgedB6-0898","Batch1","Male","Scorer3",106,40.33,0,0.5,0,1,0.5,1,0,0,0,0,0,0,0,0,0,0,1,0,0.5,0,0,0,0.5,0,0,0,0,5
"AgedB6-0899","Batch1","Male","Scorer3",106,46.37,0,0.5,0,1,0.5,1,0,0,0,0,0,0,0,0,0,0,1,0,0.5,0,0,0,0.5,0,0,0,0,5
"AgedB6-1206","Batch2","Female","Scorer3",99,45.13,0,0,0,1,0,0.5,0,0,0,0,0,0,0,0,0,0,1,0,0,0,0,0.5,0.5,0,0,0,0,3.5
"AgedB6-1207","Batch2","Female","Scorer3",99,44.24,0,0,0,1,0,0.5,0,0,0,0,0,0,0,0,0,0,1,0,0.5,0,0,0.5,0,0,0,0,0.5,4
"AgedB6-1208","Batch2","Female","Scorer3",99,33.46,0,0,0,1,0,0.5,0,0,0,0,0,0,0,0,0,0.5,1,0,0.5,0,0,0,0,0,0,0,0,3.5
"AgedB6-1209","Batch2","Female","Scorer3",99,29.57,0,0,0,1,0,0.5,0,0,0,0,0,0,0,0,0,0.5,1,0,0,0,0,0,0.5,0,0,0,0,3.5
"AgedB6-1260","Batch2","Female","Scorer3",15,20.57,0,0,0,0,0,0,0,0,0,0,0,0,0,0,0,0,1,0,0,0,0,0,0,0,0,0,0,1
"AgedB6-1266","Batch2","Female","Scorer3",15,22.28,0,0,0,0.5,0,0,0,0,0,0,0,0,0,0,0,0,1,0,0,0,0,0,0,0,0,0,0,1.5
"AgedB6-1267","Batch2","Female","Scorer3",15,23.48,0,0,0,0.5,0,0,0,0,0,0,0,0,0,0,0,0,1,0,0,0,0,0,0,0,0,0,0,1.5
"AgedB6-1268","Batch2","Female","Scorer3",15,21.39,0,0,0,0.5,0,0,0,0,0,0,0,0,0,0,0,0,1,0,0,0,0,0,0,0,0,0,0,1.5
"AgedB6-1147","Batch2","Male","Scorer3",24,31.34,0,0,0,0.5,0,0.5,0,0,0,0,0,0,0,0,0,0,1,0,0,0,0,0,0,0,0,0,0,2
"AgedB6-1148","Batch2","Male","Scorer3",24,29.68,0,0,0.5,1,0,0.5,0,0,0,0,0,0,0,0,0,0,1,0,0.5,0,0,0,0,0,0,0,0,3.5
"AgedB6-1153","Batch2","Male","Scorer3",24,36.81,0,0,0,1,0,0.5,0,0,0,0,0,0,0,0,0,0,1,0,0,0,0,0,0,0,0,0,0,2.5
"AgedB6-1154","Batch2","Male","Scorer3",24,36.88,0,0,0,1,0,0.5,0,0,0,0,0,0,0,0,0,0,1,0,0,0,0,0,0,0,0,0,0,2.5
"AgedB6-0453","Batch1","Male","Scorer1",83,37.73,0,1,0,1,0.5,0,0,0,0,0,0,0,0,0,0,0,1,0,0,0,0,0,0,0,0,0,0,3.5
"AgedB6-0454","Batch1","Male","Scorer1",83,36.59,0,1,0,1,0,0,0,0,0,0,0,0,0,0,0,0,1,0,0,0,0,0,0,0,0,0,0,3
"AgedB6-0846","Batch1","Female","Scorer4",24,20.12,0,0.5,0,0.5,0,0.5,0,0,0,0,0,0,0,0,0,0,1,0,0,0,0,0,0,0,0,0,0,2.5
"AgedB6-0849","Batch1","Female","Scorer4",24,24.18,0,0.5,0,0.5,0,0.5,0,0,0,0,0,0,0,0,0,0,1,0,0,0,0,0,0,0,0,0,0,2.5
"AgedB6-0850","Batch1","Female","Scorer4",24,22.84,0,0.5,0,0.5,0,0,0,0,0,0,0,0,0,0,0,0,1,0,0,0,0,0,0,0,0,0,0,2
"AgedB6-0851","Batch1","Female","Scorer4",24,23.59,0,0.5,0,0.5,0,0.5,0,0,0,0,0,0,0,0,0,0,1,0,0,0,0,0,0,0,0,0,0,2.5
"AgedB6-1057","Batch2","Female","Scorer3",34,22.17,0.5,0,0,1,0,0,0,0,0,0,0,0,0,0,0,0,1,0,0,0,0,0,0,0,0,0,0,2.5
"AgedB6-1240","Batch2","Male","Scorer3",101,35.21,0,0.5,0.5,1,0.5,1,0,0,0,0,0,0,0,0,0.5,0.5,1,0,0.5,0,0,0,0.5,0,0,0,0,6.5
"AgedB6-1241","Batch2","Male","Scorer3",101,26.98,0,0.5,0,1,0.5,1,0,0,0,0,0,0,0,0,0,0,1,0,0.5,0,0,0.5,0.5,0.5,0,0,0,6
"AgedB6-1243","Batch2","Male","Scorer3",101,46.81,0,0.5,0,1,1,1,0,0,0.5,0,0,0,0,0,0,0,1,0,0.5,0,0,0.5,1,1,0,0,0,8
"AgedB6-0943","Batch1","Male","Scorer3",20,32.98,0,0.5,0,0,0.5,0.5,0,0,0,0,0,0,0,0,0,0,1,0,0,0,0,0,0,0,0,0,0,2.5
"AgedB6-0948","Batch2","Male","Scorer3",44,33.02,0,0.5,0,0,0.5,1,0,0,0,0,0,0,0,0,0,0,0,0,0.5,0,0,0,0.5,0,0,0,0,3
"AgedB6-1255","Batch2","Male","Scorer3",101,49.6,1,1,0,1,1,1,0,0,0,0,0,0,0,0,0,0,1,0,0.5,0,0,1,1,0,0,0,0,8.5
"AgedB6-0857","Batch1","Male","Scorer4",104,43.86,0,0.5,0,0.5,0.5,0.5,0,0,0,0,0,0,0,0,0,0,1,0,0.5,0,0,1,0.5,0.5,0.5,0,0,6
"AgedB6-0858","Batch1","Male","Scorer4",104,35.31,0,0.5,0,0.5,0.5,0.5,0,0,0,0,0,0,0,0,0,0,1,0,0.5,0.5,0,0.5,0.5,0.5,0.5,0,0,6
"AgedB6-0861","Batch1","Male","Scorer4",104,44.49,0,0.5,0,0.5,0.5,0.5,0,0,0,0,0,0,0,0,0,0,1,0,0.5,0,0,0.5,0.5,0.5,0,0,0,5
"AgedB6-1299","Batch2","Female","Scorer3",8,18.55,0,0,0,0,0,0,0,0,0,0,0,0,0,0,0,0,1,0,0,0,0,0,0,0,0,0,0,1
"AgedB6-0745","Batch1","Female","Scorer4",28,25.22,0,0.5,0,0.5,0,0,0,0,0,0,0,0,0,0,0,0,1,0,0,0,0,0,0,0,0,0,0,2
"AgedB6-0746","Batch1","Female","Scorer4",28,27.53,0,0.5,0,0.5,0,0,0,0,0,0,0,0,0,0,0,0,1,0,0,0,0,0,0,0,0,0,0,2
"AgedB6-0750","Batch1","Female","Scorer4",28,25.83,0,0.5,0,0.5,0,0,0,0,0,0,0,0,0,0,0,0,1,0,0,0,0,0,0,0,0,0,0,2
"AgedB6-0751","Batch1","Female","Scorer4",28,29.09,0,0.5,0,0.5,0,0,0,0,0,0,0,0,0,0,0,0,1,0,0,0,0,0,0,0,0,0,0,2
"AgedB6-1124","Batch2","Male","Scorer3",26,36.01,0,0,0,0,0,0,0,0,0,0,0,0,0,0,0.5,0,1,0,0,0,0,0,0,0,0,0,0,1.5
"AgedB6-1131","Batch2","Female","Scorer3",25,26.6,0,0,0,0.5,0,0,0,0,0,0,0,0,0,0,0,1,1,0,0,0,0,0,0,0,0,0,0,2.5
"AgedB6-1132","Batch2","Female","Scorer3",25,30.54,0,0,0,0.5,0,0,0,0,0,0,0,0,0,0,0,1,1,0,0,0,0,0,0,0,0,0,0,2.5
"AgedB6-1133","Batch2","Female","Scorer3",25,24.96,0,0,0,1,0,0,0,0,0,0,0,0,0,0,0,0.5,1,0,0,0,0,0,0,0,0,0,0,2.5
"AgedB6-1164","Batch2","Male","Scorer3",17,22.52,0.5,0,0,0,0,0,0,0,0,0,0,0,0,0,0,0,1,0,0,0,0,0,0,0,0,0,0,1.5
"AgedB6-1165","Batch2","Male","Scorer3",17,25.33,0,0,0,0,0,0,0,0,0,0,0,0,0,0,0,0,1,0,0,0,0,0,0,0,0,0,0,1
"AgedB6-1177","Batch2","Female","Scorer3",16,30.79,0,0,0,0,0,0,0,0,0,0,0,0,0,0,0,0,1,0,0,0,0,0,0,0,0,0,0,1
"AgedB6-1179","Batch2","Female","Scorer3",16,36.91,0,0,0,0,0,0,0,0,0,0,0,0,0,0,0,0,1,0,0,0,0,0,0,0,0,0,0,1
"AgedB6-1181","Batch2","Female","Scorer3",97,30.4,1,0.5,1,1,0.5,1,0,0,0.5,0,0,0,0,0,0,0.5,1,0,0.5,0,0,0,0.5,0,0,0,0,8
"AgedB6-1193","Batch2","Female","Scorer3",97,39.74,1,0,0,1,0.5,1,0,0,0,0,0,0,0,0,0,0,1,0,0.5,0,0,0,0,0,0,0,0,5
"AgedB6-1194","Batch2","Female","Scorer3",97,18.75,1,0,0,1,1,1,0,0,0,0,0,0,0,0,0,0,1,0,0.5,0,0,0,1,1,0,0,0,7.5
"AgedB6-0440","Batch2","Male","Scorer3",109,38.28,0,0,0,1,1,1,0,0,0,0,0,0,0,0,1,0,1,0,1,0,0,0,1,1,0,0,1,9
"AgedB6-0441","Batch2","Male","Scorer3",109,34.34,0,0,0,1,1,1,0,0,0,0,0,0,0,0,1,0,1,0,1,0,0,1,1,1,0,0,0,9
"AgedB6-0442","Batch2","Male","Scorer3",109,40.09,0,1,0,1,1,1,0,0,0,0,0,0,0,0,0,0,1,0,1,0,0,1,1,1,0,1,0,10
"AgedB6-0443","Batch2","Male","Scorer3",109,32.78,0,1,0,1,1,1,0,0,0,0,0,0,0,0,1,1,1,0,1,0,0,1,1,1,0,0,0,11
"AgedB6-0673","Batch1","Female","Scorer3",37,31.39,0.5,0,0,0.5,0.5,0.5,0,0,0,0,0,0,0,0,0,0,1,0,0,0,0,0,0,0,0,0,0,3
"AgedB6-0674","Batch1","Female","Scorer3",37,31.76,0.5,0,0,0.5,0.5,0.5,0,0,0,0,0,0,0,0,0,0,1,0,0,0,0,0,0,0,0,0,0,3
"AgedB6-1140","Batch2","Female","Scorer3",24,25.39,0.5,0,0,0.5,0,0,0,0,0,0,0,0,0,0,0,0,1,0,0,0,0,0,0,0,0,0,0,2
"AgedB6-1141","Batch2","Female","Scorer3",24,22.81,0.5,0,0,0.5,0,0,0,0,0,0,0,0,0,0,0,0,1,0,0,0,0,0,0,0,0,0,0,2
"AgedB6-1212","Batch2","Female","Scorer3",99,43.38,0,0.5,0,1,0,0.5,0,0,0,0,0,0,0,0,0,0.5,1,0,0,0,0,0.5,0,0,0,0,0,4
"AgedB6-1220","Batch2","Male","Scorer3",100,41.77,0,1,0,0,0.5,1,0,0,0,0,0,0,0,0,0.5,0,1,0,0.5,0,0,0.5,0.5,0,0,0,0,5.5
"AgedB6-1221","Batch2","Male","Scorer3",100,39.01,0,0.5,0,0,0.5,1,0,0,0,0,0,0,0,0,0,0,1,0,0.5,0,0,0.5,0.5,0,0,0,0,4.5
"AgedB6-1222","Batch2","Male","Scorer3",100,46.86,0,0.5,0,0,0.5,1,0,0,0,0,0,0,0,0,0,0,1,0,0.5,0,0,1,0.5,0,0,0,0,5
"AgedB6-1223","Batch2","Male","Scorer3",100,46.89,0,0.5,0,0,0.5,1,0,0,0,0,0,0,0,0,0,0,1,0,0.5,0,0.5,0.5,0.5,0,0,0,0,5
"AgedB6-1269","Batch2","Female","Scorer3",15,18.86,0,0,0,0.5,0,0,0,0,0,0,0,0,0,0,0,0,1,0,0,0,0,0,0,0,0,0,0,1.5
"AgedB6-1270","Batch2","Female","Scorer3",15,23.94,0,0,0,0.5,0,0,0,0,0,0,0,0,0,0,0,0,1,0,0,0,0,0,0,0,0,0,0,1.5
"AgedB6-1275","Batch2","Female","Scorer3",14,23.97,0,0,0,0.5,0,0,0,0,0,0,0,0,0,0,0,0,1,0,0,0,0,0,0,0,0,0,0,1.5
"AgedB6-1064","Batch2","Male","Scorer3",33,36.14,0,0.5,0,0.5,0.5,0.5,0,0,0,0,0,0,0,0,0,0.5,1,0,0,0,0,0,0,0,0,0,0,3.5
"AgedB6-1067","Batch2","Male","Scorer3",32,30.01,0,0.5,0,0.5,0.5,0.5,0,0,0,0,0,0,0,0,0.5,0,1,0,0,0,0,0,0.5,0,0,1,0,5
"AgedB6-1158","Batch2","Male","Scorer3",24,34.84,0,0,0,1,0,0.5,0,0,0,0,0,0,0,0,0,0,1,0,0,0,0,0,0,0,0,0,0,2.5
"AgedB6-1159","Batch2","Male","Scorer3",24,37.3,0,0,0,1,0,0.5,0,0,0,0,0,0,0,0,0,0,1,0,0,0,0,0,0,0,0,0,0,2.5
"AgedB6-0541","Batch1","Female","Scorer3",42,24.97,0,0,0,0.5,0,0,0,0,0,0,0,0,0,0,0,0,1,0,0.5,0,0,0,0,0,0,0,0,2
"AgedB6-0542","Batch1","Female","Scorer3",42,29.34,0,0,0,0.5,0,0.5,0,0,0,0,0,0,0,0,0,0,1,0,0,0,0,0,0,0,0,0,0,2
"AgedB6-0543","Batch1","Female","Scorer3",42,24.71,0,0,0,0.5,0,0,0,0,0,0,0,0,0,0,0,1,1,0,0,0,0,0,0,0,0,0,0,2.5
"AgedB6-0546","Batch1","Female","Scorer3",43,27.62,0,0,0,0.5,0,0.5,0,0,0,0,0,0,0,0,0,0,1,0,0,0,0,0,0,0,0,0,0,2
"AgedB6-1058","Batch2","Female","Scorer3",34,28.86,0.5,0,0,1,0,0,0,0,0,0,0,0,0,0,0,0,1,0,0,0,0,0,0,0,0,0,0,2.5
"AgedB6-1059","Batch2","Female","Scorer3",34,25.46,0.5,0,0,1,0,0,0,0,0,0,0,0,0,0,0,0,1,0,0,0,0,0,0,0,0,0,0,2.5
"AgedB6-1060","Batch2","Female","Scorer3",34,26.05,0.5,0,0,0.5,0,0,0,0,0,0,0,0,0,0,0,0,1,0,0,0,0,0,0,0,0,0,0,2
"AgedB6-1061","Batch2","Female","Scorer3",34,24.94,0,0,0,1,0,0,0,0,0,0,0,0,0,0,0,0,1,0,0,0,0,0,0,0,0,0,0,2
"AgedB6-0955","Batch1","Male","Scorer3",20,30.03,0,0.5,0,0,0,0,0,0,0,0,0,0,0,0,0,0,1,0,0,0,0,0,0,0,0,0,0,1.5
"AgedB6-1036","Batch1","Male","Scorer3",20,31.54,0,0.5,0,0,0,0.5,0,0,0,0,0,0,0,0,0,0,1,0,0,0,0,0,0,0,0,0,0,2
"AgedB6-1214","Batch2","Female","Scorer3",100,28.67,0.5,0,0,1,0.5,1,0,0,0,0,0,0,0,0,0,0,1,0,0.5,0,0,0,0,0.5,0,0,0,5
"AgedB6-1215","Batch2","Female","Scorer3",100,33.64,0.5,0,0.5,0,0.5,1,0,0,0,0,0,0,0,0,0,0,1,0,0.5,0,0,1,0.5,1,0.5,0,0,7
"AgedB6-1216","Batch2","Female","Scorer3",100,30.94,0,0,0,1,0,0.5,0,0,0,0,0,0,0,0,0,0,1,0,0.5,0,0,0,0.5,0.5,0,0,0,4
"AgedB6-0863","Batch1","Male","Scorer4",104,47.87,0,0.5,0,0.5,0.5,0.5,0,0,0,0,0,0,0,0,0,0,1,0,0.5,0,0.5,1,0.5,0.5,0.5,0,0,6.5
"AgedB6-0864","Batch1","Male","Scorer4",104,53.21,0,0.5,0,0.5,0.5,0.5,0,0,0,0,0,0,0,0,0,0,1,0,0.5,0,0,1,0.5,0.5,0.5,0,0,6
"AgedB6-0865","Batch1","Male","Scorer4",104,49.37,0,0.5,0,0.5,0.5,0.5,0,0,0,0,0,0,0,0,0,0,1,0,0.5,0,0.5,0.5,0.5,0.5,0,0,0,5.5
"AgedB6-1286","Batch2","Female","Scorer3",8,21.14,0,0,0,0,0,0,0,0,0,0,0,0,0,0,0,0,1,0,0,0,0,0,0,0,0,0,0,1
"AgedB6-0752","Batch1","Female","Scorer4",28,29.31,0,0.5,0,0.5,0,0,0,0,0,0,0,0,0,0,0,0,1,0,0,0,0,0,0,0,0,0,0,2
"AgedB6-0753","Batch2","Female","Scorer3",51,34.68,0,0,0,0.5,0,0,0,0,0,0,0,0,0,0,0,0.5,1,0,0,0,0,0,0,0,0,0,0,2
"AgedB6-0755","Batch1","Female","Scorer4",28,34.11,0,0.5,0,0.5,0,0,0,0,0,0,0,0,0,0,0,0,1,0,0,0,0,0,0,0,0,0,0,2
"AgedB6-0756","Batch1","Female","Scorer4",28,29.24,0,0.5,0,0.5,0,0,0.5,0,0,0,0,0,0,0,0,0,1,0,0,0,0,0,0,0,0,0,0,2.5
"AgedB6-1128","Batch2","Male","Scorer3",25,37.29,0,0,0,0,0,0.5,0,0,0,0,0,0,0,0,0,0,1,0,0,0,0,0,0,0,0,0,0,1.5
"AgedB6-1129","Batch2","Male","Scorer3",25,35.38,0,0,0,0,0,0,0,0,0,0,0,0,0,0,0,0,1,0,0,0,0,0,0,0,0,0,0,1
"AgedB6-1130","Batch2","Male","Scorer3",25,34.81,0,0,0,0,0,0.5,0,0,0,0,0,0,0,0,0,0,1,0,0,0,0,0,0,0,0,0,0,1.5
"AgedB6-1134","Batch2","Male","Scorer3",25,37.79,0,0,0,0,0,0,0,0,0,0,0,0,0,0,0,0,1,0,0,0,0,0,0,0,0,0,0,1
"AgedB6-1166","Batch2","Male","Scorer3",17,24.02,0.5,0,0,0,0,0,0,0,0,0,0,0,0,0,0,0,1,0,0,0,0,0,0,0,0,0,0,1.5
"AgedB6-1172","Batch2","Male","Scorer3",17,23.75,0,0,0,0,0,0,0,0,0,0,0,0,0,0,0,0,1,0,0,0,0,0,0,0,0,0,0,1
"AgedB6-1173","Batch2","Male","Scorer3",17,23.79,0,0,0,0,0,0,0,0,0,0,0,0,0,0,0,0,1,0,0,0,0,0,0,0,0,0,0,1
"AgedB6-1174","Batch2","Male","Scorer3",17,22.59,0.5,0,0.5,0,0,0,0,0,0,0,0,0,0,0,0,0,1,0,0.5,0,0,0,0,0,0,0,0,2.5
"AgedB6-1182","Batch2","Female","Scorer3",97,38.73,1,0,0,1,0.5,1,0,0,0,0,0,0,0,0,0,0.5,1,0,0.5,0,0,0,0.5,0,0,0,0,6
"AgedB6-1183","Batch2","Female","Scorer3",97,33.92,0.5,0.5,0,1,0.5,1,0,0,0,0,0,0,0,0,0,0,1,0,0.5,0,0,0,0.5,0,0,0,0,5.5
"AgedB6-1184","Batch2","Female","Scorer3",97,41.39,0.5,0,0,1,0.5,1,0,0,0,0,0,0,0,0,0,0,1,0,0.5,0,0,0,0.5,0,0,0,0,5
"AgedB6-1185","Batch2","Female","Scorer3",97,50.25,0.5,0,0,1,0.5,1,0,0,0,0,0,0,0,0,0.5,0,1,0,0.5,0,0,1,0.5,0,0,0,0,6.5
"AgedB6-0445","Batch2","Male","Scorer3",109,40.59,0,0,0,1,0.5,1,0,0,0,0,0,0,0,0,0,0,1,0,0.5,0,0,0.5,0.5,0,0,0,0,5
"AgedB6-0446","Batch2","Male","Scorer3",109,44.21,0,0,0,1,0.5,1,0,0,0,0,0,0,0,0,0.5,0,1,0,0.5,0,0.5,0,1,0.5,0,0,0,6.5
"AgedB6-1142","Batch2","Female","Scorer3",24,22.77,0.5,0,0,0.5,0,0,0,0,0,0,0,0,0,0,0,0,0.5,0,0,0,0,0,0,0,0,0,0,1.5
"AgedB6-1149","Batch2","Female","Scorer3",24,26.32,0.5,0,0.5,0.5,0,0,0,0,0,0,0,0,0,0,0,0,1,0,0.5,0,0,0,0,0,0,0,0,3
"AgedB6-1150","Batch2","Female","Scorer3",24,25.66,0.5,0,0.5,0.5,0,0,0,0,0,0,0,0,0,0,0,0,1,0,0,0,0,0,0,0,0,0,0,2.5
"AgedB6-1151","Batch2","Female","Scorer3",24,26.32,0.5,0,0,0.5,0,0,0,0,0,0,0,0,0,0,0,0,1,0,0,0,0,0,0,0,0,0,0,2
"AgedB6-1195","Batch2","Female","Scorer3",98,44.9,0.5,0,0,1,0,0.5,0,0,0,0,0,0,0,0,0.5,0.5,1,0,0.5,0,0,0.5,0.5,0,0,0,0,5.5
"AgedB6-1225","Batch2","Male","Scorer3",100,52.27,0,1,0,0,0.5,1,0,0,0,0,0,0,0,0,0.5,0,1,0,0.5,0,0,1,0.5,0,0,0,0,6
"AgedB6-1227","Batch2","Male","Scorer3",100,39.04,0,0.5,0,0.5,0.5,1,0,0,0,0,0,0,0,0,0.5,0.5,1,0,0.5,0,0,0.5,0.5,0,0,0,0,6
"AgedB6-1228","Batch2","Male","Scorer3",100,38.82,0,1,0,1,0.5,1,0,0,0,0,0,0,0,0,0,0,1,0,0.5,0,0,0.5,1,0,0,0,0,6.5
"AgedB6-1229","Batch2","Male","Scorer3",100,35.87,0,1,0.5,1,0.5,1,0,0,0,0,0,0,0,0,0.5,0,1,0,0.5,0,0,0.5,0.5,0,0,0,0,7
"AgedB6-1261","Batch2","Male","Scorer3",15,34.68,0,0,0,0,0,0,0,0,0,0,0,0,0,0,0.5,0,1,0,0,0,0,0,0,0,0,0,0,1.5
"AgedB6-1262","Batch2","Male","Scorer3",15,39.81,0,0,0,0,0,0.5,0,0,0,0,0,0,0,0,0,0,1,0,0,0,0,0,0,0,0,0,0,1.5
"AgedB6-1276","Batch2","Female","Scorer3",14,21.39,0,0,0,0,0,0,0,0,0,0,0,0,0,0,0,0,1,0,0,0,0,0,0,0,0,0,0,1
"AgedB6-1278","Batch2","Female","Scorer3",14,23.59,0,0,0,0.5,0,0,0,0,0,0,0,0,0,0,0,0,1,0,0,0,0,0,0,0,0,0,0,1.5
"AgedB6-1070","Batch2","Male","Scorer3",31,36.1,0,0.5,0,0.5,0.5,0.5,0,0,0,0,0,0,0,0,0.5,0,1,0,0,0,0,0,0,0,0,0,0,3.5
"AgedB6-1071","Batch2","Male","Scorer3",30,41.39,0,0.5,0,0.5,0.5,0.5,0,0,0,0,0,0,0,0,0,0,1,0,0,0,0,0,0,0,0,0,0,3
"AgedB6-1072","Batch2","Male","Scorer3",30,41.28,0,0.5,0,0.5,0.5,0.5,0,0,0,0,0,0,0,0,0,0,1,0,0,0,0,0,0,0,0,0,0,3
"AgedB6-0534","Batch1","Female","Scorer3",42,25.86,0,0,0,0.5,0,0.5,0,0,0,0,0,0,0,0,0,0,1,0,0,0,0,0,0.5,0,0,0,0,2.5
"AgedB6-0538","Batch2","Female","Scorer3",71,48.26,0,0,0,0.5,0,0.5,0,0,0,0,0,0,0,0,0,0,1,0,0,0,0,0,0,0,0,0,0,2
"AgedB6-0539","Batch1","Female","Scorer3",43,31.65,0,0,0,0.5,0,0,0,0,0,0,0,0,0,0,0,0,1,0,0,0,0,0,0,0,0,0,0,1.5
"AgedB6-0547","Batch1","Female","Scorer3",43,35.64,0,0,0,0.5,0.5,0.5,0,0,0,0,0,0,0,0,0,1,1,0,0,0,0,0,0,0,0,0,0,3.5
"AgedB6-0675","Batch1","Male","Scorer4",39,43.37,0,0.5,0,0.5,0.5,0.5,0,0,0,0,0,0,0,0,0,0,1,0,0.5,0,0.5,0.5,0.5,0,0,0,0,5
"AgedB6-0937","Batch1","Female","Scorer3",20,24.84,0,0,0,0.5,0,0,0,0,0,0,0,0,0,0,0,0,1,0,0,0,0,0,0,0,0,0,0,1.5
"AgedB6-0938","Batch2","Female","Scorer3",44,25.23,0.5,0,0,1,0,0.5,0,0,0,0,0,0,0,0,0,0,1,0,0,0,0,0,0,0,0,0,0,3
"AgedB6-0939","Batch1","Female","Scorer3",20,22.72,0,0,0,0.5,0,0,0,0,0,0,0,0,0,0,0,0,1,0,0,0,0,0,0,0,0,0,0,1.5
"AgedB6-1062","Batch2","Female","Scorer3",34,23.21,0,0,0,1,0,0,0,0,0,0,0,0,0,0,0,0,1,0,0,0,0,0,0,0,0,0,0,2
"AgedB6-1063","Batch2","Female","Scorer3",34,28.15,0.5,0,0,1,0,0,0,0,0,0.5,0,0,0,0,0,0,1,0,0,0,0,0,0,0,0,0,0,3
"AgedB6-1280","Batch2","Male","Scorer3",11,31.47,0,0,0,0,0,0,0,0,0,0,0,0,0,0,0,0,1,0,0,0,0,0,0,0,0,0,0,1
"AgedB6-1281","Batch2","Male","Scorer3",11,29.25,0,0,0,0,0,0,0,0,0,0,0,0,0,0,0,0.5,1,0,0,0,0,0,0,0,0,0,0,1.5
"AgedB6-0433","Batch1","Male","Scorer1",83,38.72,0,1,0,0,0.5,0,0,0,0,0,0,0,0,0,0,0,1,0,0,0,0,0,0,0,0,0,0,2.5
"AgedB6-0434","Batch2","Male","Scorer3",111,26.7,0,0,0,0,1,1,0,0,0,0,0,0,0,0,0,0,1,0,1,0.5,0,0.5,1,0.5,0.5,0,0,7
"AgedB6-0456","Batch1","Male","Scorer1",83,37.94,0,0,0,0,0,0,0,0,0,0,0,0,0,0,0,0,1,0,0,0,0,0.5,0,0.5,0,0,0,2
"AgedB6-0457","Batch1","Male","Scorer1",83,42.05,0,0.5,0,0,0,0,0,0,0,0,0,0,0,0,0,0,1,0,0,0,0,0.5,0,0.5,0,0,0,2.5
"AgedB6-0839","Batch1","Male","Scorer4",25,32.27,0,0,0,0,0,0,0,0,0,0,0,0,0,0,0,0,1,0,0,0,0,0,0,0,0,0,0,1
"AgedB6-1217","Batch2","Female","Scorer3",100,31.65,0.5,0,1,1,0,0.5,0,0,0,0,0,0,0,0,0,0,1,0,0.5,0,0,0,0.5,0,0,0,0,5
"AgedB6-1218","Batch2","Female","Scorer3",100,36.37,0.5,0,0,1,0,0.5,0,0,0,0,0,0,0,0,0,0,1,0,0.5,0,0,0,0.5,0.5,0,0,0,4.5
"AgedB6-1219","Batch2","Female","Scorer3",100,39.5,0,0,0,1,0,0.5,0,0,0,0,0,0,0,0,0,0,1,0,0.5,0,0,0.5,0.5,0.5,0,0,0,4.5
"AgedB6-1287","Batch2","Female","Scorer3",8,17.84,0,0,0,0,0,0,0,0,0,0,0,0,0,0,0,0,1,0,0,0,0,0,0,0,0,0,0,1
"AgedB6-1288","Batch2","Female","Scorer3",8,19.2,0,0,0,0,0,0,0,0,0,0,0,0,0,0,0,0,1,0,0,0,0,0,0,0,0,0,0,1
"AgedB6-1289","Batch2","Female","Scorer3",8,20.11,0,0,0,0,0,0,0,0,0,0,0,0,0,0,0,0,1,0,0,0,0,0,0,0,0,0,0,1
"AgedB6-1290","Batch2","Female","Scorer3",8,19.93,0,0,0,0,0,0,0,0,0,0,0,0,0,0,0,0,1,0,0,0,0,0,0,0,0,0,0,1
"AgedB6-0391","Batch1","Male","Scorer3",63,47.31,0,0.5,0,0,1,1,0,0,0,0,0,0,0,0,0,0,1,0,0.5,0,0,0.5,0.5,0,0,0,0,5
"AgedB6-0407","Batch1","Female","Scorer3",64,33.07,0,0,0.5,0.5,0.5,1,0,0,0,0,0,0,0,0,0,0,1,0,0.5,0,0,0,0.5,0,0,0,0,4.5
"AgedB6-1037","Batch2","Female","Scorer3",36,28.75,0,0,0,0.5,0,0,0,0,0,0,0,0,0,0,0,0,1,0,0,0,0,0,0,0,0,0,0,1.5
"AgedB6-1038","Batch2","Female","Scorer3",36,29.49,0,0,0,0.5,0,0,0,0,0,0,0,0,0,0,0,0.5,1,0,0,0,0,0,0,0,0,0,0,2
"AgedB6-1135","Batch2","Male","Scorer3",25,35.16,0,0,0,0,0,0,0,0,0,0,0,0,0,0,0,0,1,0,0,0,0,0,0,0,0,0,0,1
"AgedB6-1136","Batch2","Male","Scorer3",25,36.12,0,0,0,0,0,0,0,0,0,0,0,0,0,0,0,0,1,0,0,0,0,0,0,0,0,0,0,1
"AgedB6-1137","Batch2","Male","Scorer3",25,39.28,0,0,0,0,0,0.5,0,0,0,0,0,0,0,0,0,0,1,0,0,0,0,0,0,0,0,0,0,1.5
"AgedB6-1138","Batch2","Male","Scorer3",25,39.65,0,0,0,0,0,0,0,0,0,0,0,0,0,0,0,0,1,0,0,0,0,0,0,0,0,0,0,1
"AgedB6-0394","Batch1","Male","Scorer2",43,41.12,0,0.5,0,0,0.5,1,0,0,0,0,0,0,0,0,0.5,1,1,0,0,0.5,0,0.5,1,0,0,0,0,6.5
"AgedB6-1044","Batch2","Male","Scorer3",36,35.8,0.5,0,0,0,0,0.5,0,0,0,0,0,0,0,0,0,0,1,0,0.5,0,0,0,0.5,0,0,0,0,3
"AgedB6-1175","Batch2","Male","Scorer3",17,22.15,0,0,0,0,0,0,0,0,0,0,0,0,0,0,0,0,1,0,0,0,0,0,0,0,0,0,0,1
"AgedB6-1176","Batch2","Male","Scorer3",17,27.03,0.5,0,0,0,0,0,0,0,0,0,0,0,0,0,0,0,1,0,0,0,0,0,0,0,0,0,0,1.5
"AgedB6-1178","Batch2","Male","Scorer3",16,22.94,0.5,0,0.5,0,0,0,0,0,0,0,0,0,0,0,0,0,1,0,0,0,0,0,0,0,0,0,0,2
"AgedB6-1293","Batch2","Male","Scorer3",8,26.59,0,0,0,0,0,0,0,0,0,0,0,0,0,0,0.5,0,1,0,0,0,0,0,0,0,0,0,0,1.5
"AgedB6-1294","Batch2","Male","Scorer3",8,25.54,0,0,0,0,0,0,0,0,0,0,0,0,0,0,0,0,1,0,0,0,0,0,0,0,0,0,0,1
"AgedB6-1295","Batch2","Male","Scorer3",8,24.62,0,0,0,0,0,0,0,0,0,0,0,0,0,0,0,0,1,0,0,0,0,0,0,0,0,0,0,1
"AgedB6-1155","Batch2","Female","Scorer3",23,24.88,0.5,0,0,0.5,0,0,0,0,0,0,0,0,0,0,0,0,1,0,0,0,0,0,0,0,0,0,0,2
"AgedB6-1156","Batch2","Female","Scorer3",23,21.97,0.5,0,0,0.5,0,0,0,0,0,0,0,0,0,0,0,0,1,0,0,0,0,0,0,0,0,0,0,2
"AgedB6-1157","Batch2","Female","Scorer3",23,24.42,0.5,0,0,0.5,0,0,0,0,0,0,0,0,0,0,0,0,1,0,0,0,0,0,0,0,0,0,0,2
"AgedB6-1196","Batch2","Female","Scorer3",98,35.22,1,0,0,1,0.5,1,0,0,0,0,0,0,0,0,0,0,1,0,0.5,0,0,0.5,1,0,0,0,0.5,7
"AgedB6-1197","Batch2","Female","Scorer3",98,42.08,0.5,0,0,1,0.5,0.5,0,0,0,0,0,0,0,0,0.5,0,1,0,0.5,0,0,0,0.5,0,0,0,0,5
"AgedB6-1198","Batch2","Female","Scorer3",98,41.86,0,0.5,0,1,0,0.5,0,0,0,0,0,0,0,0,0,0,1,0,0.5,0,0,0.5,0.5,0,0,0,0,4.5
"AgedB6-1230","Batch2","Male","Scorer3",100,56.07,0,0.5,0,1,0.5,1,0,0,0,0,0,0,0,0,0.5,0,1,0,0.5,0,0,1,0.5,0,0,0,0,6.5
"AgedB6-1231","Batch2","Male","Scorer3",100,38.75,0,1,0,1,0.5,1,0,0,0,0,0,0,0,0,0.5,0,1,0,0.5,0,0,0.5,0.5,0,0,0,0,6.5
"AgedB6-1232","Batch2","Male","Scorer3",100,38.23,0,1,0,1,0.5,1,0,0,0,0,0,0,0,0,0,0,1,0,0.5,0,0,0,0.5,0,0,0,0,5.5
"AgedB6-1233","Batch2","Male","Scorer3",100,43.74,0,1,0,1,0.5,1,0,0,0,0,0,0,0,0,0,0,1,0,0.5,0,0,0.5,0.5,0,0,0,0,6
"AgedB6-1263","Batch2","Male","Scorer3",15,34.3,0,0,0,0,0,0.5,0,0,0,0,0,0,0,0,0,0,1,0,0,0,0,0,0,0,0,0,0,1.5
"AgedB6-1264","Batch2","Male","Scorer3",15,29.13,0,0,0,0,0,0,0,0,0,0,0,0,0,0,0,0,1,0,0,0,0,0,0,0,0,0,0,1
"AgedB6-1265","Batch2","Male","Scorer3",15,30.02,0,0,0,0,0,0,0,0,0,0,0,0,0,0,0,0,1,0,0,0,0,0,0,0,0,0,0,1
"AgedB6-1272","Batch2","Male","Scorer3",15,32.6,0,0,0,0,0,0.5,0,0,0,0,0,0,0,0,0,0,1,0,0,0,0,0,0,0,0,0,0,1.5
"AgedB6-1074","Batch2","Male","Scorer3",30,39.81,0,0.5,0,0.5,0.5,0.5,0,0,0,0,0,0,0,0,0,0,1,0,0,0,0,0,0,0,0,0,0,3
"AgedB6-1075","Batch2","Male","Scorer3",30,41.49,0,0.5,0,0.5,0.5,0.5,0,0,1,0,0,0,0,0,0,0.5,1,0,0,0,0,0,0,0,0,0,0,4.5
"AgedB6-1076","Batch2","Male","Scorer3",30,38.16,0,0.5,0,0.5,0.5,0.5,0,0,0,0,0,0,0,0,0,0,1,0,0,0,0,0,0,0,0,0,0,3
"AgedB6-0676","Batch1","Male","Scorer4",39,40.41,0,0.5,0,0.5,0.5,0.5,0,0,0,0,0,0,0,0,0,0,1,0,0.5,0.5,0.5,0.5,0,0,0,0,0,5
"AgedB6-0677","Batch1","Male","Scorer4",39,36.29,0,0.5,0,0.5,0.5,0.5,0,0,0,0,0,0,0,0,0,0,1,0,0.5,0,0,0,0,0,0,0,0,3.5
"AgedB6-0678","Batch2","Male","Scorer3",65,43.37,0,0.5,0,0,0.5,1,0,0,0,0,0,0,0,0,0,0,1,0,0.5,0,0,0,0.5,0,0,0,0.5,4.5
"AgedB6-0679","Batch1","Male","Scorer4",39,33.36,0,0.5,0,0,0.5,0.5,0,0,0,0,0,0,0,0,0,0,1,0,0.5,0,0,0,0,0,0,0,0,3
"AgedB6-0944","Batch2","Female","Scorer3",44,36.49,0.5,0,0,1,0,0,0,0,0,0,0,0,0,0,0,0,1,0,0,0,0,0,0,0,0,0,0,2.5
"AgedB6-0946","Batch1","Female","Scorer3",20,23.16,0,0,0.5,0.5,0,0,0,0,0,0,0,0,0,0,0,0,1,0,0,0,0,0,0,0,0,0,0,2
"AgedB6-0947","Batch1","Female","Scorer3",20,23.52,0,0,0,0.5,0,0,0,0,0,0,0,0,0,0,0,0,1,0,0,0,0,0,0,0,0,0,0,1.5
"AgedB6-1282","Batch2","Male","Scorer3",11,32.1,0,0,0,0,0,0,0,0,0,0,0,0,0,0,0,0,1,0,0,0,0,0,0,0,0,0,0,1
"AgedB6-1283","Batch2","Male","Scorer3",11,29.22,0,0,0,0,0,0,0,0,0,0,0,0,0,0,0,0,1,0,0,0,0,0,0,0,0,0,0,1
"AgedB6-1284","Batch2","Male","Scorer3",11,30.04,0,0,0,0,0,0,0,0,0,0,0,0,0,0,0,0,1,0,0,0,0,0,0,0,0,0,0,1
"AgedB6-1285","Batch2","Male","Scorer3",11,28.09,0,0,0,0,0,0,0,0,0,0,0,0,0,0,0,0,1,0,0,0,0,0,0,0,0,0,0,1
"AgedB6-0840","Batch1","Male","Scorer4",25,40.59,0,0,0,0,0,0.5,0,0,0,0,0,0,0,0,0,0,1,0,0.5,0,0.5,0.5,0,0,0,0,0,3
"AgedB6-0847","Batch1","Male","Scorer4",24,34.63,0,0,0,0.5,0,0.5,0,0,0,0,0,0,0,0,0,0,1,0,0,0,0,0,0,0,0,0,0,2
"AgedB6-0848","Batch1","Male","Scorer4",24,37.45,0,0.5,0,0.5,0,0.5,0,0,0,0,0,0,0,0,0,0,1,0,0.5,0,0.5,0,0.5,0,0,0,0,4
"AgedB6-1291","Batch2","Female","Scorer3",8,20.44,0,0,0,0,0,0,0,0,0,0,0,0,0,0,0,0,1,0,0,0,0,0,0,0,0,0,0,1
"AgedB6-1292","Batch2","Female","Scorer3",8,18.01,0,0,0,0,0,0,0,0,0,0,0,0,0,0,0,0,1,0,0,0,0,0,0,0,0,0,0,1
"AgedB6-1297","Batch2","Female","Scorer3",8,15.67,0,0,0,0,0,0,0,0,0,0,0,0,0,0,0,0,1,0,0,0,0,0,0,0,0,0,0,1
"AgedB6-1298","Batch2","Female","Scorer3",8,17.9,0,0,0,0,0,0,0,0,0,0,0,0,0,0,0,0,1,0,0,0,0,0,0,0,0,0,0,1
"AgedB6-1039","Batch2","Female","Scorer3",36,38.92,0,0,0,1,0,0,0,0,0,0,0,0,0,0,0,0,1,0,0,0,0,0,0,0,0,0,0,2
"AgedB6-1040","Batch2","Female","Scorer3",36,32.21,0,0,0,0.5,0,0,0,0,0,0,0,0,0,0,0,0.5,1,0,0,0,0,0,0,0,0,0,0,2
"AgedB6-1041","Batch2","Female","Scorer3",36,35.02,0,0,0,0.5,0,0,0,0,0,0,0,0,0,0,0,1,1,0,0,0,0,0,0,0,0,0,0,2.5
"AgedB6-1042","Batch2","Female","Scorer3",36,32.74,0,0,0,1,0,0,0,0,0,0,0,0,0,0,0,1,1,0,0,0,0,0,0,0,0,0,0,3
"AgedB6-1139","Batch2","Male","Scorer3",25,34.14,0,0,0,0,0,0,0,0,0,0,0,0,0,0,0,0,1,0,0,0.5,0,0,0.5,0,0,0,0,2
"AgedB6-0386","Batch1","Male","Scorer2",50,41.62,0.5,1,0,0,1,1,0,0,0,0,0,0,0,0,0,0.5,0.5,0,0,0.5,0,1,1,0,0,0,0,7
"AgedB6-0388","Batch1","Male","Scorer2",50,32.36,0,1,0,0,1,1,0,0,0,0,0,0,0,0,0,1,1,0,0,0.5,0,0,1,0.5,0,0,0,7
"AgedB6-1045","Batch2","Male","Scorer3",36,31.08,0,0.5,0,0,0,0.5,0,0,0,0,0,0,0,0,0,0,1,0,0,0,0,0,0,0,0,0,0,2
"AgedB6-1046","Batch2","Male","Scorer3",36,36.75,0.5,0,0,0.5,0,0.5,0,0,0,0,0,0,0,0,0,0,1,0,0.5,0,0,0,0.5,0,0,0,0,3.5
"AgedB6-1047","Batch2","Male","Scorer3",36,37.77,0.5,0,0,0.5,0,0.5,0,0,0,0,0,0,0,0,0,0,1,0,0,0,0,0,0.5,0,0,0,0,3
"AgedB6-1048","Batch2","Male","Scorer3",36,39.21,0,0,0,0.5,0,0.5,0,0,0,0,0,0,0,0,0,0,1,0,0,0,0,0,0,0,0,0,0,2
"AgedB6-1296","Batch2","Male","Scorer3",8,26.76,0,0,0,0,0,0,0,0,0,0,0,0,0,0,0,0,1,0,0,0,0,0,0,0,0,0,0,1
"AgedB6-1104","Batch2","Male","Scorer3",148,31.97,0.5,0,0,0,1,1,0,0,0,0,0,0,0,0,0.5,0,1,0,0.5,0,0,0.5,1,1,0.5,0,0,7.5
"AgedB6-1200","Batch2","Female","Scorer3",98,39.85,0.5,0,0,0.5,0,0.5,0,0,0,0,0,0,0,0,0.5,0,1,0,0.5,0,0,0,0,0,0,0,0,3.5
"AgedB6-1202","Batch2","Female","Scorer3",98,39.27,0.5,0.5,0,1,0.5,1,0,0.5,0,0,0,0,0,0,0,0,1,0,0.5,0,1,0.5,0.5,0,0.5,0,0,8
"AgedB6-1203","Batch2","Female","Scorer3",98,50.58,0.5,0,0,1,0,0.5,0,0,0,0,0,0,0,0,0,0,1,0,0.5,0,0,1,0,0,0,0,0,4.5
"AgedB6-1234","Batch2","Male","Scorer3",100,37.06,0,1,0,1,1,1,0,0,0,1,0,0,0,0,1,0,1,0,0.5,0,0,0,0.5,0,0,0,0,8
"AgedB6-1244","Batch2","Male","Scorer3",100,51.23,1,0.5,0,0,0.5,1,0,0,0,0,0,0,0,0,0,0,1,0,0.5,0,0,1,0.5,0,0.5,0,0,6.5
"AgedB6-1245","Batch2","Male","Scorer3",100,67.04,1,0.5,0,0,1,1,0,0,0,0,0,0,0,0,0,0,1,0,0.5,0,0.5,1,0.5,0.5,0,0,0,7.5
"AgedB6-1273","Batch2","Male","Scorer3",15,32.46,0,0,0,0,0,0,0,0,0,0,0,0,0,0,0,0,1,0,0,0,0,0,0,0,0,0,0,1
"AgedB6-1274","Batch2","Male","Scorer3",15,32.61,0,0,0,0,0,0,0,0,0,0,0,0,0,0,0,0,1,0,0,0,0,0,0,0,0,0,0,1
"AgedB6-1277","Batch2","Male","Scorer3",14,31.93,0,0,0,0,0,0,0,0,0,0,0,0,0,0,0,0,1,0,0,0,0,0,0,0,0,0,0,1
"AgedB6-0680","Batch1","Male","Scorer4",39,38.19,0,0.5,0,0.5,0.5,0.5,0,0,0,0,0,0,0,0,0,0,1,0,0.5,0,0,0,0,0,0,0,0,3.5
"AgedB6-0681","Batch1","Male","Scorer4",39,39.27,0,0.5,0,0.5,0.5,0.5,0,0,0,0,0,0,0,0,0,0,1,0,0.5,0.5,0,0.5,0,0,0.5,0,0,5
"AgedB6-0682","Batch1","Male","Scorer4",38,43.38,0,0.5,0,0.5,0,0.5,0,0,0,0,0,0,0,0,0,0,1,0,0,0.5,0,0.5,0,0,0,0,0,3.5
"AgedB6-0683","Batch1","Male","Scorer4",38,39.78,0,0.5,0,0.5,0.5,0.5,0,0,0,0,0,0,0,0,0,0,1,0,0.5,0,0,0.5,0.5,0.5,0.5,0,0,5.5
"AgedB6-0950","Batch1","Female","Scorer3",20,22.37,0,0,0,0.5,0,0,0,0,0,0,0,0,0,0,0,0,1,0,0,0,0,0,0,0,0,0,0,1.5
"AgedB6-0952","Batch2","Female","Scorer3",44,27.15,0.5,0,0,1,0,0,0,0,0,0,0,0,0,0,0,0,1,0,0,0,0,0,0,0,0,0,0,2.5
"AgedB6-1053","Batch2","Female","Scorer3",38,28.88,0,0,0,0,0,0,0,0,0,0,0,0,0,0,0,0.5,1,0,0,0,0,0,0,0,0,0,0,1.5
"AgedB6-1054","Batch2","Female","Scorer3",38,35.09,0,0,0,0,0,0,0,0,1,0,0,0,0,0,0,0.5,1,0,0,0,0,0,0,0,0,0,0,2.5
"AgedB6-1055","Batch2","Female","Scorer3",38,28.48,0,0,0,0,0,0,0,0,0,0,0,0,0,0,0,0,1,0,0,0,0,0,0,0,0,0,0,1
"AgedB6-0427","Batch1","Male","Scorer1",83,39.89,0,1,0,0,0.5,0,0,0,0,0,0,0,0,0,0,0,1,0,0.5,0,0,0,0,0,0,0,0,3
"AgedB6-0458","Batch1","Male","Scorer1",83,54.69,0,0.5,0,0,0,0,0,0,0,0,0,0,0,0,0,0,1,0,0,0,0,1,0,1,0,0,0,3.5
"AgedB6-0459","Batch1","Male","Scorer1",83,48.57,0,1,0,0.5,0.5,0,0,0,0,0,0,0,0,0,0,0,1,0,0,0,0,0.5,0,0.5,0,0,0,4
"AgedB6-0460","Batch1","Male","Scorer1",83,49.73,0,1,0,0.5,0.5,0,0,0,0,0,0,0,0,0,0,0,1,0,0,0,0,0.5,0,0.5,0,0,0,4
"AgedB6-0852","Batch1","Male","Scorer4",25,37.17,0,0.5,0,0.5,0,0,0,0,0,0,0,0,0,0,0,0,1,0,0,0,0,0,0,0,0,0,0,2
"AgedB6-0853","Batch1","Male","Scorer4",25,32.86,0,0.5,0,0.5,0,0.5,0,0,0,0,0,0,0,0,0,0,1,0,0,0,0,0,0.5,0,0,0,0,3
"AgedB6-0854","Batch1","Male","Scorer4",25,31.96,0,0.5,0,0.5,0,0,0,0,0,0,0,0,0,0,0,0,1,0,0,0,0,0,0,0,0,0,0,2
"AgedB6-0855","Batch1","Male","Scorer4",25,31.99,0,0.5,0,0.5,0,0.5,0.5,0.5,0.5,0.5,0,0,0,0,0,0.5,1,0,0,0,0,0,0,0,0,0,0,5
"AgedB6-1826","Batch3","Female","Scorer4",161,32.46,0,0.5,0,0.5,0.5,1,0.5,0,0,0.5,0,0,0,0,0,0,1,0.5,0.5,1,0,0.5,1,0.5,0.5,0,0.5,9.5
"AgedB6-0312","Batch1","Male","Scorer3",80,58.66,0,0.5,0,0.5,1,1,0,0,0,0,0,0,0,0,0,0,1,0,0,0,0,0.5,0,0,0,0,0.5,5
"AgedB6-0414","Batch1","Female","Scorer3",55,40.78,0.5,0.5,0,0.5,0.5,0.5,0,0,0,0,0,0,0,0,0,0,1,0,0,0,0,0,0,0,0,0,0,3.5
"AgedB6-0420","Batch1","Male","Scorer3",55,49,0.5,1,0,1,0.5,1,0,0,0,0,0,0,0,0,0,0,1,0,0.5,0,0,0,0.5,0.5,0,0,0,6.5
"AgedB6-0426","Batch1","Male","Scorer3",55,41.47,0,0.5,0,0,0.5,1,0,0,0,0,0,0,0,0,0,0,1,0,0.5,0,0,0,0.5,0,0,0,0,4
"AgedB6-1408","Batch3","Male","Scorer4",128,37.81,0.5,0.5,0,1,0.5,1,0,0,0,0,0,0,0,0,0.5,0,1,0.5,0.5,0.5,0.5,0.5,0.5,0.5,0.5,0,0,9
"AgedB6-1409","Batch3","Male","Scorer4",128,30.39,0.5,0.5,0,1,0.5,1,0,0,0,0,0,0,0,0,0.5,0,1,0.5,0.5,0,0,0,0.5,0.5,0,0,0,7
"AgedB6-1410","Batch3","Male","Scorer4",128,44.46,0.5,0.5,0,1,0.5,0.5,0,0,0,0,0,0,0,0,0,0,0.5,0.5,0.5,0.5,1,1,0.5,0.5,0,0,0,8
"AgedB6-1416","Batch3","Male","Scorer4",128,39.4,0.5,0.5,0,0,0,0,0,0.5,0.5,0,0,0,0,0,0,0,0.5,0.5,0.5,0.5,0.5,1,1,1,0,0,0.5,8
"AgedB6-1459","Batch3","Male","Scorer4",128,29.63,0,0.5,0,0,0.5,0.5,0,0,0,0,0,0,0,0,0.5,0,1,0,0.5,0,1,1,0.5,0.5,0,0,0,6.5
"AgedB6-1460","Batch3","Male","Scorer4",128,37.96,0,0.5,0,0,0.5,0.5,0,0,0,0,0,0,0,0,0.5,0,1,0,0.5,0,1,1,0.5,0.5,0,0,0,6.5
"AgedB6-1461","Batch3","Male","Scorer4",128,40.06,0,0.5,0,0,0.5,0.5,0,0,0,0,0,0,0,0,0.5,0,1,0,0.5,0,1,1,0.5,0.5,0,0,0,6.5
"AgedB6-1462","Batch3","Male","Scorer4",128,42.99,0,0.5,0,0,0.5,0.5,0,0,0,0,0,0,0,0,0.5,0,1,0,0.5,0,1,1,0.5,0.5,0,0,0,6.5
"AgedB6-1466","Batch3","Male","Scorer4",128,40.19,0,0.5,0,0,0.5,0.5,0,0,0,0,0,0,0,0,0.5,0,1,0,0.5,0,1,1,0.5,0.5,0,0,0,6.5
"AgedB6-1471","Batch3","Male","Scorer2",127,35.08,0.5,0.5,0,1,1,1,0,0,0,0,0,0,0,0,0.5,1,1,0,0.5,0,0,0.5,1,1,0,0,0.5,10
"AgedB6-1486","Batch3","Male","Scorer4",127,37.28,0,0.5,0,0.5,1,1,0,0,0,0,0,0,0,0,0,0,1,0.5,0.5,0.5,0,1,0.5,0.5,0.5,0,0.5,8.5
"AgedB6-1487","Batch3","Male","Scorer4",127,38.62,0,0.5,0,0,0.5,1,0,0,0,0,0,0,0,0,0,0,1,0,0.5,0.5,0.5,1,0.5,0.5,0.5,0,0.5,7.5
"AgedB6-1488","Batch3","Male","Scorer4",127,42.29,0,0.5,0,0.5,1,1,0,0,0,0,0,0,0,0,0,0,1,0,0.5,0.5,0.5,1,1,1,0.5,0,0,9
"AgedB6-1489","Batch3","Male","Scorer4",127,41.32,0,0.5,0,0.5,1,1,0,0,0,0,0,0,0,0,1,0,1,0,0.5,0.5,0.5,1,1,1,0.5,0,0,10
"AgedB6-1491","Batch3","Male","Scorer4",127,39.61,0,0.5,0,0.5,0.5,1,0,0,0,0,0,0,0,0,0,0,1,0,0.5,0.5,0.5,0.5,1,0.5,0.5,0,0,7.5
"AgedB6-1430","Batch3","Male","Scorer4",127,50.31,0,0.5,0,0.5,1,1,0,0,0,0,0,0,0,0,0.5,0,1,0.5,0.5,0,0.5,1,0.5,0.5,0,0,0,8
"AgedB6-1418","Batch3","Male","Scorer2",127,36.95,0.5,1,0,0,1,1,0,0,0,0,0,0,0,0,0.5,1,1,0,0.5,0,0,0.5,1,1,0,0,0,9
"AgedB6-1433","Batch3","Male","Scorer4",127,36.36,0,0.5,0,0.5,1,1,0,0,0,0,0,0,0,0,0.5,0,1,0.5,0.5,0,0.5,1,1,0.5,0.5,0,0,9
"AgedB6-1436","Batch3","Male","Scorer2",127,35.24,0.5,1,0,0,1,1,0,0,0,0,0,0,0,0,0,1,1,0,0.5,1,0,0.5,1,1,0,0,0,9.5
"AgedB6-1438","Batch3","Male","Scorer2",127,39.64,0,0.5,0,0,1,1,0,0,0,0,0,0,0,0,0,1,1,0,0.5,1,0.5,0.5,1,1,0,0,0,9
"AgedB6-1427","Batch3","Male","Scorer4",127,36.12,0,0.5,0,0,0.5,1,0,0,0,0,0,0,0,0,0.5,0,1,0.5,0.5,0.5,0.5,1,0.5,0.5,0.5,0,0,8
"AgedB6-1427","Batch3","Male","Scorer4",127,36.12,0,0.5,0,0,0.5,1,0,0,0,0,0,0,0,0,0.5,0,1,0.5,0.5,0.5,0.5,1,0.5,0.5,0.5,0,0,8
"AgedB6-1523","Batch3","Female","Scorer2",125,37.64,0.5,0.5,0,0,1,1,0,0,0,0,0,0,0,0,0.5,1,1,0.5,0.5,0.5,0,0.5,1,1,0,0,0.5,10
"AgedB6-1525","Batch3","Female","Scorer4",125,29.89,0.5,0.5,0,0.5,1,1,0,0,0,0,0,0,0,0,0.5,0.5,1,0,0.5,0.5,0,0,1,1,0.5,0,0,9
"AgedB6-1531","Batch3","Female","Scorer4",125,31.5,0,0.5,0,1,0.5,1,0,0,0,0.5,0,0,0,0,0,0,1,0,0.5,0.5,0,0,1,1,0.5,0,0,8
"AgedB6-1565","Batch3","Female","Scorer2",122,35.02,0.5,0.5,0,1,1,1,0,0,0,0,0,0,0,0,0,1,1,0,0.5,0.5,0,0.5,1,1,0,0,0.5,10
"AgedB6-0541","Batch1","Female","Scorer3",42,24.97,0,0,0,0.5,0,0,0,0,0,0,0,0,0,0,0,0,1,0,0.5,0,0,0,0,0,0,0,0,2
"AgedB6-0542","Batch1","Female","Scorer3",42,29.34,0,0,0,0.5,0,0.5,0,0,0,0,0,0,0,0,0,0,1,0,0,0,0,0,0,0,0,0,0,2
"AgedB6-0543","Batch1","Female","Scorer3",42,24.71,0,0,0,0.5,0,0,0,0,0,0,0,0,0,0,0,1,1,0,0,0,0,0,0,0,0,0,0,2.5
"AgedB6-0546","Batch1","Female","Scorer3",43,27.62,0,0,0,0.5,0,0.5,0,0,0,0,0,0,0,0,0,0,1,0,0,0,0,0,0,0,0,0,0,2
"AgedB6-0547","Batch1","Female","Scorer3",43,35.64,0,0,0,0.5,0.5,0.5,0,0,0,0,0,0,0,0,0,1,1,0,0,0,0,0,0,0,0,0,0,3.5
"AgedB6-0528","Batch1","Female","Scorer3",42,45.94,0,0,0,0.5,0,0,0,0,0,0,0,0,0,0,0,0,1,0,0,0,0,0,0,0.5,0,0,0,2
"AgedB6-0532","Batch1","Female","Scorer3",42,34.34,0,0,0,0.5,0,0,0,0,0,1,0,0,0,0,0.5,0,1,0,0.5,0,0,0,0.5,0,0,0,0,4
"AgedB6-0534","Batch1","Female","Scorer3",42,25.86,0,0,0,0.5,0,0.5,0,0,0,0,0,0,0,0,0,0,1,0,0,0,0,0,0.5,0,0,0,0,2.5
"AgedB6-0670","Batch1","Female","Scorer3",37,18.82,0.5,0,0,0.5,0.5,0.5,0,0,0,0,0,0,0,0,0,0,1,0,0,0,0,0,0,0,0,0.5,0,3.5
"AgedB6-0672","Batch1","Female","Scorer3",37,34.76,0.5,0,0,0.5,0.5,0.5,0,0,0,0,0,0,0,0,0,0,1,0,0,0,0,0,0,0,0,0,0,3
"AgedB6-0673","Batch1","Female","Scorer3",37,31.39,0.5,0,0,0.5,0.5,0.5,0,0,0,0,0,0,0,0,0,0,1,0,0,0,0,0,0,0,0,0,0,3
"AgedB6-0682","Batch1","Male","Scorer4",38,43.38,0,0.5,0,0.5,0,0.5,0,0,0,0,0,0,0,0,0,0,1,0,0,0.5,0,0.5,0,0,0,0,0,3.5
"AgedB6-0683","Batch1","Male","Scorer4",38,39.78,0,0.5,0,0.5,0.5,0.5,0,0,0,0,0,0,0,0,0,0,1,0,0.5,0,0,0.5,0.5,0.5,0.5,0,0,5.5
"AgedB6-2054","Batch3","Male","Scorer4",110,55.38,0,0.5,0,0,1,1,0,0,0,0,0,0,0,0,0,0,1,0,0.5,0.5,1,1,1,1,0.5,0,0,9
"AgedB6-2060","Batch3","Male","Scorer2",110,29.25,0.5,1,0,0,1,1,0,0,0,0,0,0,0,0,0,1,1,1,0.5,1,1,1,1,1,0.5,0,0.5,13
"AgedB6-2061","Batch3","Male","Scorer2",110,36.64,0.5,0,0,0,1,1,0,0,0,0,0,0,0,0,0.5,0.5,1,0.5,0.5,0.5,0,0.5,1,1,0,0,0,8.5
"AgedB6-2062","Batch3","Male","Scorer2",110,35.62,0,0.5,0,0,1,1,0,0,0,0,0,0,0,0,0,1,1,1,0.5,0,1,1,1,1,0,0,0,10
"AgedB6-2044","Batch3","Male","Scorer2",109,52.75,0,0.5,0,0,0.5,1,0,0,0,0,0,0,0,0,0,0,1,0.5,0.5,0,0,1,1,0,0,0,0,6
"AgedB6-2045","Batch3","Male","Scorer2",109,53.95,0,0.5,0,0,0.5,1,0,0,0,0,0,0,0,0,0,0.5,1,0.5,0.5,0,0,1,1,0,0,0,0,6.5
"AgedB6-2046","Batch3","Male","Scorer2",109,57.73,0,0.5,0,0,0.5,1,0,0,0,0,0,0,0,0,0,1,1,0.5,0.5,0,0,1,1,0,0,0,0,7
"AgedB6-2048","Batch3","Male","Scorer2",109,50.62,0.5,1,0,0,1,1,0,0,0,0,0,0,0,0,1,1,1,0.5,0.5,0,0,1,1,0.5,0,0,0.5,10.5
"AgedB6-2049","Batch3","Male","Scorer2",109,46.04,0,0.5,0,0,0.5,1,0,0,0,0,0,0,0,0,0.5,1,1,0.5,0.5,0,0,1,1,0,0,0,0,7.5
"AgedB6-2056","Batch3","Male","Scorer4",108,56.06,0,0.5,0,0.5,0.5,1,0,0,0,0,0,0,0,0,0.5,0,1,0,0.5,0,1,1,0.5,0.5,0.5,0,0,8
"AgedB6-2057","Batch3","Male","Scorer4",108,59.81,0,0.5,0,0.5,0.5,1,0,0,0,0,0,0,0,0,0.5,0,1,0,0.5,0,1,1,0.5,0.5,0.5,0,0.5,8.5
"AgedB6-2126","Batch3","Male","Scorer2",106,45.15,0.5,0.5,0,0,1,1,0,0,0,0,0,0,0,0,0,0.5,1,0,0.5,0,0,1,1,1,0,0,0,8
"AgedB6-2128","Batch3","Male","Scorer2",106,34.89,0.5,1,0,0.5,1,1,0,0,0,0,0,0,0,0,0,1,1,0.5,0.5,0.5,0,0.5,1,1,0,0,0.5,10.5
"AgedB6-2132","Batch3","Male","Scorer2",106,61.18,0.5,0.5,0,0,1,1,0,0,0,0,0,0,0,0,0,1,1,0.5,0.5,0.5,0,1,1,1,0,0,0,9.5
"AgedB6-2136","Batch3","Male","Scorer2",104,42.43,0,0,0,0,1,1,0,0,0,0,0,0,0,0,0.5,0.5,1,0,0.5,0,0.5,1,1,0.5,0,0,0,7.5
"AgedB6-2168","Batch3","Female","Scorer2",102,36.15,0.5,1,0,1,1,1,0,0,0,0,0,0,0,0,0,1,1,0,0.5,0,0,0.5,1,0.5,0,0,0.5,9.5
"AgedB6-2179","Batch3","Female","Scorer2",102,54.08,1,1,0,1,1,1,0,0,0,0,0,0,0,0,0,1,1,0,0.5,0,0,1,1,0.5,0,0,0,10
"AgedB6-2203","Batch3","Female","Scorer4",101,28.22,0.5,0.5,0,1,0.5,0.5,0,0,0,0,0,0,0,0,0.5,0,1,0,0.5,0,0.5,1,0.5,0,0.5,0,0,7.5
"AgedB6-2206","Batch3","Female","Scorer4",101,43.28,0.5,0.5,0,1,0.5,0.5,0,0,0,0,0,0,0,0,0.5,0,1,0,0.5,0,0.5,1,0.5,0,0.5,0,0,7.5
"AgedB6-2207","Batch3","Female","Scorer4",101,41.25,0,1,0,0,0.5,1,0,0,0,0,0,0,0,0,0,0,1,0,0.5,0,0.5,0,0.5,0.5,0.5,0,0,6
"AgedB6-2208","Batch3","Female","Scorer4",101,57.72,0,0.5,0,1,0.5,1,0,0,0,0,0,0,0,0,0,0,1,0.5,0.5,0,0,0,1,1,0,0,0.5,7.5
"AgedB6-2209","Batch3","Female","Scorer2",101,41.19,0.5,0.5,0,1,0.5,1,0,0,0,0,0,0,0,0,0,1,1,0,0.5,0,0,0.5,1,0.5,0,0,0,8
"AgedB6-2164","Batch3","Female","Scorer4",101,41.17,0.5,0.5,0,1,0.5,0.5,0,0,0,0,0,0,0,0,0.5,0,1,0,0.5,0,0.5,0.5,0.5,0,0,0,0,6.5
"AgedB6-2165","Batch3","Female","Scorer4",101,39.05,0.5,0.5,0,1,0.5,0.5,0,0,0,0,0,0,0,0,0.5,0,1,0,0.5,0,0.5,0.5,0.5,0,0.5,0,0,7
"AgedB6-2210","Batch3","Female","Scorer2",101,46.64,0.5,0.5,0,1,1,1,0,0,0,0,0,0,0,0,0,1,1,0.5,0.5,0,0,1,1,0.5,0,0,0,9.5
"AgedB6-2211","Batch3","Female","Scorer2",101,46.31,0,0.5,0,1,0,1,0,0,0,0,0,0,0,0,0,1,1,0,0.5,0,0,1,1,0.5,0,0,0,7.5
"AgedB6-2212","Batch3","Female","Scorer2",101,42.81,0,0.5,0,1,0.5,1,0,0,0,0,0,0,0,0,0.5,1,1,0,0.5,0,0,1,1,0.5,0,0,0,8.5
"AgedB6-2166","Batch3","Female","Scorer2",100,33.19,1,1,0,1,1,1,0,0,0,0,0,0,0,0,0,0,1,0,0.5,0,0,0.5,1,1,0,0,0.5,9.5
"AgedB6-2167","Batch3","Female","Scorer2",100,32.36,1,1,0,1,1,1,0,0,0,0,0,0,0,0,0.5,1,1,0,0.5,0,0,0.5,1,1,0,0,0.5,11
"AgedB6-0856","Batch1","Male","Scorer4",25,39.01,0,0.5,0,0.5,0,0.5,0,0,0,0,0,0,0,0,0,0,1,0,0.5,0,0,0.5,0.5,0,0,0,0,4
"AgedB6-2273","Batch3","Male","Scorer2",96,38.38,0,1,0,1,1,1,0,0,0,0,0,0,0,0,1,1,1,0.5,0.5,0,0,0.5,1,1,0,0,0,10.5
"AgedB6-2274","Batch3","Male","Scorer2",96,51.25,0.5,1,0,1,1,1,0,0,0,0,0,0,0,0,0.5,1,1,0,0.5,0,0,1,1,1,0,0,0.5,11
"AgedB6-2288","Batch3","Male","Scorer4",97,42.38,0.5,0.5,0,0.5,1,1,0,0,0,0,0,0,0,0,1,0,1,0,0.5,0.5,1,1,1,1,0,0,0,10.5
"AgedB6-2275","Batch3","Male","Scorer2",96,57.82,0.5,0.5,0,1,0.5,1,0,0,0,0,0,0,0,0,0.5,1,1,0,0.5,0,0,1,1,0.5,0,0,0.5,9.5
"AgedB6-2276","Batch3","Male","Scorer2",96,43.29,0,0.5,0,0,0.5,1,0,0,0,0,0,0,0,0,0,0.5,0,0,0.5,0,0,1,1,0.5,0,0,0,5.5
"AgedB6-2277","Batch3","Male","Scorer4",97,37.27,0,0.5,0,0,0.5,0.5,0,0,0,0,0,0,0,0,0,0,1,0,0.5,0,1,1,0.5,0.5,0,0,0,6
"AgedB6-2279","Batch3","Male","Scorer4",97,46.46,0.5,0.5,0,1,0,0.5,0,0,0.5,0,0,0,0,0,0,0,1,0.5,0.5,0,0.5,0.5,0.5,0.5,0,0,0,7
"AgedB6-2280","Batch3","Male","Scorer4",97,51.73,0.5,0.5,0,0.5,0.5,0.5,0,0,0,0,0,0,0,0,0,0,1,0,0.5,0,0,0,1,1,0,0,0,6
"AgedB6-2281","Batch3","Male","Scorer4",97,51.54,0,0.5,0,1,0.5,0.5,0,0,0,0,0,0,0,0,0.5,0,1,0,0.5,0,0,1,0.5,0.5,0,0,0,6.5
"AgedB6-2282","Batch3","Male","Scorer4",97,53.25,0.5,0,0,1,0.5,1,0,0,0,0,0,0,0,0,0.5,0,1,0,0.5,0,0.5,0.5,0.5,0,0,0,0,6.5
"AgedB6-2268","Batch3","Female","Scorer2",97,41.57,1,0,0,1,1,1,0,0,0,0,0,0,0,0,0,0,1,0,0.5,0,0,1,1,0.5,0,0,0,8
"AgedB6-2265","Batch3","Female","Scorer2",97,51.09,1,0,0,1,1,1,0,0,0,0,0,0,0,0,1,0.5,1,0,0.5,0,0,1,1,0.5,0,0,0,9.5
"AgedB6-2266","Batch3","Female","Scorer2",97,50.03,1,0,0,1,1,1,0,0,0,0,0,0,0,0,1,1,1,0,0.5,0,0,1,1,0.5,0,0,0.5,10.5
"AgedB6-2267","Batch3","Female","Scorer2",97,47.31,1,0,0,1,1,1,0,0,0,0,0,0,0,0,0.5,1,1,0,0.5,0,0,1,1,0.5,0,0,0,9.5
"AgedB6-2291","Batch3","Male","Scorer2",96,41.17,0.5,0,0,1,0.5,1,0,0,0,0,0,0,0,0,0,0.5,1,0,0.5,0,0,1,1,0.5,0,0,0.5,8
"AgedB6-2258","Batch3","Female","Scorer2",96,63.63,1,0,0,1,1,1,0,0,0,0,0,0,0,0,0,1,1,0,0.5,0,0,1,1,1,0,0,0,9.5
"AgedB6-2259","Batch3","Female","Scorer2",96,37.81,1,0,0,1,1,1,0,0,0,0,0,0,0,0,0,1,1,0,0.5,0,0,0,1,0.5,0,0,1,9
"AgedB6-2259","Batch3","Female","Scorer2",96,37.81,1,0,0,1,1,1,0,0,0,0,0,0,0,0,0,1,1,0,0.5,0,0,0,1,0.5,0,0,1,9
"AgedB6-2260","Batch3","Female","Scorer2",96,39.38,1,0,0,1,1,1,0,0,0,0,0,0,0,0,0.5,1,1,0,0.5,0,0,0.5,1,0.5,0,0,0,9
"AgedB6-2261","Batch3","Female","Scorer2",96,43.69,1,0,0,1,1,1,0,0,0,0,0,0,0,0,0,1,1,0,0.5,0,0,1,1,0.5,0,0,0,9
"AgedB6-2262","Batch3","Female","Scorer2",96,34.63,1,0.5,0.5,1,1,1,0,0,0,0,0,0,0,0,0,1,1,0,0.5,0,0,0,1,0.5,0,0,0,9
"AgedB6-2263","Batch3","Female","Scorer2",96,32.31,1,0.5,0,1,1,1,0,0,0,0,0,0,0,0,0.5,1,1,0,0.5,0,0,0,1,1,0,0,0.5,10
"AgedB6-2269","Batch3","Male","Scorer2",96,46.55,0.5,1,0,1,1,1,0,0,0,0,0,0,0,0,0,0,1,0,0.5,0,0,1,1,1,0,0,0,9
"AgedB6-2259","Batch3","Female","Scorer2",96,37.81,1,0,0,1,1,1,0,0,0,0,0,0,0,0,0,1,1,0,0.5,0,0,0,1,0.5,0,0,1,9
"AgedB6-2259","Batch3","Female","Scorer2",96,37.81,1,0,0,1,1,1,0,0,0,0,0,0,0,0,0,1,1,0,0.5,0,0,0,1,0.5,0,0,1,9
"AgedB6-2271","Batch3","Male","Scorer2",96,43.75,0.5,1,0,0.5,1,1,0,0,0,0,0,0,0,0,1,1,1,0,0.5,0.5,0,1,1,1,0,0,0.5,11.5
"AgedB6-2272","Batch3","Male","Scorer2",96,39.87,0,1,0,1,1,1,0,0,0,0,0,0,0,0,0.5,1,1,0,0.5,0,0,1,1,1,0,0,0.5,10.5
"AgedB6-2253","Batch3","Female","Scorer2",96,36.59,0.5,0,0,1,1,1,0,0,0,0,0,0,0,0,0,0,1,0,0.5,0,0,0,1,0.5,0,0,0,6.5
